weather_date,zip_code,city,state,precipitation_mm,max_wind_kmh,max_temp_c,min_temp_c,weather_code,severity
01/01/2025,43215,Columbus,OH,1.1,50.8,2.8,-1.3,73,moderate
01/01/2025,46204,Indianapolis,IN,0.2,56.2,1.9,-0.8,71,moderate
01/01/2025,60601,Chicago,IL,0.1,52.9,0.8,-3,71,moderate
02/01/2025,43215,Columbus,OH,0,46.8,1.8,-2.3,3,moderate
02/01/2025,46204,Indianapolis,IN,0.3,35.3,3.2,-2.7,71,calm
02/01/2025,60601,Chicago,IL,0.2,40,-0.3,-4.2,71,calm
03/01/2025,43215,Columbus,OH,2.4,51.8,0.4,-5.6,73,moderate
03/01/2025,46204,Indianapolis,IN,1.1,44.6,0.9,-6.3,73,moderate
03/01/2025,60601,Chicago,IL,0,49.3,-3,-6.9,3,moderate
04/01/2025,43215,Columbus,OH,0.1,40.7,-5.9,-10.6,71,moderate
04/01/2025,46204,Indianapolis,IN,0,38.2,-3.7,-9.4,3,calm
04/01/2025,60601,Chicago,IL,0,36.7,-5.1,-10.9,3,calm
05/01/2025,43215,Columbus,OH,2.9,23,-4.4,-12,73,calm
05/01/2025,46204,Indianapolis,IN,7,39.6,-4.8,-6.9,73,calm
05/01/2025,60601,Chicago,IL,0.4,43.2,-2.3,-9,71,moderate
06/01/2025,43215,Columbus,OH,7.7,54.7,-2.4,-6.4,75,moderate
06/01/2025,46204,Indianapolis,IN,3.3,54.4,-4,-6.2,73,moderate
06/01/2025,60601,Chicago,IL,3.2,66.2,-0.9,-4.1,73,severe
07/01/2025,43215,Columbus,OH,0,36,-4.5,-10.2,3,calm
07/01/2025,46204,Indianapolis,IN,0,23,-4,-11.6,3,calm
07/01/2025,60601,Chicago,IL,0,36,-4.1,-8.6,3,calm
08/01/2025,43215,Columbus,OH,0.7,30.2,-4.7,-7.8,71,calm
08/01/2025,46204,Indianapolis,IN,0,21.2,-6.7,-11.8,3,calm
08/01/2025,60601,Chicago,IL,0,25.9,-4.1,-10.2,3,calm
09/01/2025,43215,Columbus,OH,0,22,-5.9,-13.1,2,calm
09/01/2025,46204,Indianapolis,IN,0,16.9,-10.1,-18,3,extreme_cold
09/01/2025,60601,Chicago,IL,0,38.5,-3.8,-11.6,3,calm
10/01/2025,43215,Columbus,OH,3.2,19.4,-5.8,-14.8,73,calm
10/01/2025,46204,Indianapolis,IN,7,22.3,-4.6,-13.4,73,calm
10/01/2025,60601,Chicago,IL,4,34.6,-2,-6.6,73,calm
11/01/2025,43215,Columbus,OH,1.5,30.2,-1.8,-8.9,73,calm
11/01/2025,46204,Indianapolis,IN,0.2,29.9,-2.2,-6.1,71,calm
11/01/2025,60601,Chicago,IL,0,28.4,-0.9,-6,3,calm
12/01/2025,43215,Columbus,OH,0,36.4,1.5,-11.9,3,calm
12/01/2025,46204,Indianapolis,IN,0,38.5,0.7,-4.8,3,calm
12/01/2025,60601,Chicago,IL,2.1,49.7,1.5,-4.1,73,moderate
13/01/2025,43215,Columbus,OH,0,30.6,1.5,-11.4,3,calm
13/01/2025,46204,Indianapolis,IN,0,34.2,-1.1,-12.9,3,calm
13/01/2025,60601,Chicago,IL,0,44.6,-4.7,-12.7,3,moderate
14/01/2025,43215,Columbus,OH,0.9,41,-6.1,-16.4,71,extreme_cold
14/01/2025,46204,Indianapolis,IN,0.2,52.2,-5.9,-15.5,71,extreme_cold
14/01/2025,60601,Chicago,IL,1.4,49,-9,-12.9,73,moderate
15/01/2025,43215,Columbus,OH,0,20.5,-9.4,-18.6,3,extreme_cold
15/01/2025,46204,Indianapolis,IN,0,28.1,-7.8,-19.5,3,extreme_cold
15/01/2025,60601,Chicago,IL,0.1,43.2,-8.4,-15.7,71,extreme_cold
16/01/2025,43215,Columbus,OH,1.4,41.4,-1,-11.1,73,moderate
16/01/2025,46204,Indianapolis,IN,0,44.3,0.1,-10.2,3,moderate
16/01/2025,60601,Chicago,IL,0.4,43.2,2.2,-8,71,moderate
17/01/2025,43215,Columbus,OH,0,32,1.6,-5.8,3,calm
17/01/2025,46204,Indianapolis,IN,0.8,37.8,4.1,-5.1,53,calm
17/01/2025,60601,Chicago,IL,0,62.3,5.1,-4.8,3,severe
18/01/2025,43215,Columbus,OH,4.4,40.7,3.7,-1.3,71,moderate
18/01/2025,46204,Indianapolis,IN,6.5,43.9,4,-3.6,75,moderate
18/01/2025,60601,Chicago,IL,0,61.2,3.7,-6.9,3,severe
19/01/2025,43215,Columbus,OH,0.7,46.8,-1.8,-10.2,73,moderate
19/01/2025,46204,Indianapolis,IN,1,39.6,-4,-15.6,73,extreme_cold
19/01/2025,60601,Chicago,IL,0,43.2,-8.1,-16.1,3,extreme_cold
20/01/2025,43215,Columbus,OH,0,46.1,-11.2,-16.9,3,extreme_cold
20/01/2025,46204,Indianapolis,IN,0,32,-12.6,-19.5,3,extreme_cold
20/01/2025,60601,Chicago,IL,0,54,-11.7,-18.5,3,extreme_cold
21/01/2025,43215,Columbus,OH,0.1,39.2,-11.1,-18,71,extreme_cold
21/01/2025,46204,Indianapolis,IN,0,34.9,-13.9,-20.7,3,extreme_cold
21/01/2025,60601,Chicago,IL,0,45.7,-15.4,-21,3,extreme_cold
22/01/2025,43215,Columbus,OH,0,29.9,-8.8,-20,3,extreme_cold
22/01/2025,46204,Indianapolis,IN,0,34.6,-7.3,-21,3,extreme_cold
22/01/2025,60601,Chicago,IL,0.8,59.4,-4.9,-18.2,71,extreme_cold
23/01/2025,43215,Columbus,OH,0.4,41.4,-1.5,-11.2,71,moderate
23/01/2025,46204,Indianapolis,IN,0.4,39.6,-1.5,-9.9,71,calm
23/01/2025,60601,Chicago,IL,0.9,43.9,-4.2,-12.9,71,moderate
24/01/2025,43215,Columbus,OH,0,30.6,-5.2,-11.4,3,calm
24/01/2025,46204,Indianapolis,IN,0,27.4,-7.3,-16.2,3,extreme_cold
24/01/2025,60601,Chicago,IL,0,36.4,-7.1,-16.5,3,extreme_cold
25/01/2025,43215,Columbus,OH,0,37.8,2,-10.4,3,calm
25/01/2025,46204,Indianapolis,IN,0,29.9,2.2,-9.2,3,calm
25/01/2025,60601,Chicago,IL,0,46.8,2.8,-6.7,3,moderate
26/01/2025,43215,Columbus,OH,0,23.4,1.5,-3.2,3,calm
26/01/2025,46204,Indianapolis,IN,0,25.9,0.8,-6.2,3,calm
26/01/2025,60601,Chicago,IL,0,41,-1.1,-7.9,3,moderate
27/01/2025,43215,Columbus,OH,0,44.3,0.9,-7.9,3,moderate
27/01/2025,46204,Indianapolis,IN,0,44.6,0,-10.4,3,moderate
27/01/2025,60601,Chicago,IL,0,55.1,4.2,-7.3,3,moderate
28/01/2025,43215,Columbus,OH,0,46.4,4.4,-2,3,moderate
28/01/2025,46204,Indianapolis,IN,0,46.8,5.3,-2.5,2,moderate
28/01/2025,60601,Chicago,IL,0,60.1,6.8,-2.6,3,severe
29/01/2025,43215,Columbus,OH,0,51.8,6.3,-1,2,moderate
29/01/2025,46204,Indianapolis,IN,0,41,6.3,0.2,2,moderate
29/01/2025,60601,Chicago,IL,0,46.8,6.4,0.5,3,moderate
30/01/2025,43215,Columbus,OH,3.1,23.4,7.2,-2.9,61,calm
30/01/2025,46204,Indianapolis,IN,2,29.5,7.1,-1.1,53,calm
30/01/2025,60601,Chicago,IL,15.9,42.8,8.4,-2.4,65,moderate
31/01/2025,43215,Columbus,OH,7.6,39.6,12.7,2.8,61,calm
31/01/2025,46204,Indianapolis,IN,1.8,45.4,12.6,2.7,51,moderate
31/01/2025,60601,Chicago,IL,30.8,54.7,4.2,1,63,severe
01/02/2025,43215,Columbus,OH,0,41.4,2,-2.7,3,moderate
01/02/2025,46204,Indianapolis,IN,0,42.1,3.4,-2.2,3,moderate
01/02/2025,60601,Chicago,IL,0,43.2,0.9,-2.1,3,moderate
02/02/2025,43215,Columbus,OH,0.1,33.5,9.9,-3.1,51,calm
02/02/2025,46204,Indianapolis,IN,0,41,11.2,-0.9,3,moderate
02/02/2025,60601,Chicago,IL,0.5,39.2,8.8,-0.6,71,calm
03/02/2025,43215,Columbus,OH,0,36.4,16.5,-0.1,3,calm
03/02/2025,46204,Indianapolis,IN,0,38.5,16.9,3.9,3,calm
03/02/2025,60601,Chicago,IL,0,49,7.2,1.2,3,moderate
04/02/2025,43215,Columbus,OH,0,40.7,6.2,-1.4,3,moderate
04/02/2025,46204,Indianapolis,IN,0,43.2,5.3,-0.9,3,moderate
04/02/2025,60601,Chicago,IL,0,49.7,0.9,-4.7,3,moderate
05/02/2025,43215,Columbus,OH,0.8,32,0.9,-3,51,calm
05/02/2025,46204,Indianapolis,IN,6.2,33.5,1.4,-1.9,63,calm
05/02/2025,60601,Chicago,IL,0.9,41.4,-0.2,-3.8,71,moderate
06/02/2025,43215,Columbus,OH,10.5,41.8,7.9,-0.3,63,moderate
06/02/2025,46204,Indianapolis,IN,1.5,41.4,5.7,-0.6,51,moderate
06/02/2025,60601,Chicago,IL,1.1,56.9,2.7,-1.2,71,moderate
07/02/2025,43215,Columbus,OH,0,32,1.9,-2.7,3,calm
07/02/2025,46204,Indianapolis,IN,0,30.6,2.5,-3.3,3,calm
07/02/2025,60601,Chicago,IL,0,47.9,-0.7,-7.8,3,moderate
08/02/2025,43215,Columbus,OH,13.4,36,3.8,-2.2,65,moderate
08/02/2025,46204,Indianapolis,IN,8.1,37.1,5.1,-0.3,63,calm
08/02/2025,60601,Chicago,IL,0.4,33.1,0.2,-2.5,71,calm
09/02/2025,43215,Columbus,OH,0,34.2,1.5,-2.2,3,calm
09/02/2025,46204,Indianapolis,IN,0,34.6,0.2,-1.9,3,calm
09/02/2025,60601,Chicago,IL,0,35.3,-0.9,-4.5,3,calm
10/02/2025,43215,Columbus,OH,0,25.2,2.9,-4.6,3,calm
10/02/2025,46204,Indianapolis,IN,0,15.5,2.2,-5.9,3,calm
10/02/2025,60601,Chicago,IL,0,23.8,0.1,-8.6,3,calm
11/02/2025,43215,Columbus,OH,1.4,25.9,1.5,-1.4,71,calm
11/02/2025,46204,Indianapolis,IN,0,34.6,2.9,-1,3,calm
11/02/2025,60601,Chicago,IL,0.4,46.1,-2.8,-4.4,71,moderate
12/02/2025,43215,Columbus,OH,1.7,36,4.2,-1,71,calm
12/02/2025,46204,Indianapolis,IN,5.2,37.4,1.9,-1.5,61,calm
12/02/2025,60601,Chicago,IL,8.9,53.3,-2.6,-4.1,75,moderate
13/02/2025,43215,Columbus,OH,7.8,49,5.5,-5.8,63,moderate
13/02/2025,46204,Indianapolis,IN,1.5,44.6,-0.3,-8.5,73,moderate
13/02/2025,60601,Chicago,IL,0.9,42.8,-2.8,-14.6,71,moderate
14/02/2025,43215,Columbus,OH,0,32.8,0,-10.1,3,calm
14/02/2025,46204,Indianapolis,IN,0.1,33.8,1.5,-11.4,71,calm
14/02/2025,60601,Chicago,IL,4.9,38.2,-3.8,-18.1,75,extreme_cold
15/02/2025,43215,Columbus,OH,17,39.2,4.3,-0.9,73,moderate
15/02/2025,46204,Indianapolis,IN,16.8,37.1,5.4,0.2,73,moderate
15/02/2025,60601,Chicago,IL,0,40,-0.2,-3.3,3,calm
16/02/2025,43215,Columbus,OH,37.9,58.7,3.8,-4.5,75,severe
16/02/2025,46204,Indianapolis,IN,12.8,57.2,1.9,-6.2,75,moderate
16/02/2025,60601,Chicago,IL,0.8,50,-1.3,-11.6,71,moderate
17/02/2025,43215,Columbus,OH,0,44.6,-4.6,-11.4,3,moderate
17/02/2025,46204,Indianapolis,IN,0,39.6,-7,-14.6,3,calm
17/02/2025,60601,Chicago,IL,0,43.2,-12.6,-17.4,3,extreme_cold
18/02/2025,43215,Columbus,OH,0,25.6,-9.4,-14.2,3,calm
18/02/2025,46204,Indianapolis,IN,0.5,28.4,-10.1,-14.6,71,calm
18/02/2025,60601,Chicago,IL,0,32.8,-14.3,-21.9,3,extreme_cold
19/02/2025,43215,Columbus,OH,0.7,22.3,-6.8,-11.2,71,calm
19/02/2025,46204,Indianapolis,IN,1.9,27.4,-7.8,-11.4,71,calm
19/02/2025,60601,Chicago,IL,0.1,29.9,-11.4,-16.2,71,extreme_cold
20/02/2025,43215,Columbus,OH,1.4,44.6,-7,-10.4,71,moderate
20/02/2025,46204,Indianapolis,IN,0.3,31,-8.8,-15.7,71,extreme_cold
20/02/2025,60601,Chicago,IL,0,32.8,-7.7,-16.2,3,extreme_cold
21/02/2025,43215,Columbus,OH,0,33.8,-2.2,-8.4,3,calm
21/02/2025,46204,Indianapolis,IN,0,19.8,-3.5,-14.6,1,calm
21/02/2025,60601,Chicago,IL,0,27.7,-4.6,-12.6,0,calm
22/02/2025,43215,Columbus,OH,0,27.4,-0.6,-11.9,3,calm
22/02/2025,46204,Indianapolis,IN,0,28.1,0.7,-10.9,3,calm
22/02/2025,60601,Chicago,IL,0,36.7,-1.1,-10,3,calm
23/02/2025,43215,Columbus,OH,0,30.6,4.3,-8.3,3,calm
23/02/2025,46204,Indianapolis,IN,0,31.3,7.1,-6.3,2,calm
23/02/2025,60601,Chicago,IL,0,32.4,4.9,-5.4,3,calm
24/02/2025,43215,Columbus,OH,0,39.2,9.9,-2.2,3,calm
24/02/2025,46204,Indianapolis,IN,0,41.8,10.3,-0.1,3,moderate
24/02/2025,60601,Chicago,IL,0.3,50.8,11.4,2.7,51,moderate
25/02/2025,43215,Columbus,OH,2.7,38.5,14.4,1.7,55,calm
25/02/2025,46204,Indianapolis,IN,1.7,28.8,13.9,0.9,53,calm
25/02/2025,60601,Chicago,IL,2.1,27.4,10.6,1.9,61,calm
26/02/2025,43215,Columbus,OH,8.6,32,12.9,-2.1,63,calm
26/02/2025,46204,Indianapolis,IN,3.3,35.6,15.1,-0.3,61,calm
26/02/2025,60601,Chicago,IL,1.3,36.4,8.1,1.4,53,calm
27/02/2025,43215,Columbus,OH,4.3,47.5,10.6,2.4,61,moderate
27/02/2025,46204,Indianapolis,IN,0.2,64.4,11.7,2.5,51,severe
27/02/2025,60601,Chicago,IL,1.1,61.9,8.6,1.1,51,severe
28/02/2025,43215,Columbus,OH,0.7,61.9,12.6,-1.9,53,severe
28/02/2025,46204,Indianapolis,IN,0,64.8,15.4,-0.3,3,severe
28/02/2025,60601,Chicago,IL,0,64.4,13.2,0.8,3,severe
01/03/2025,43215,Columbus,OH,0.2,47.5,8.6,-3.6,71,moderate
01/03/2025,46204,Indianapolis,IN,0,46.8,6.8,-5.8,3,moderate
01/03/2025,60601,Chicago,IL,0,55.4,1.9,-4.7,3,moderate
02/03/2025,43215,Columbus,OH,0,33.1,0.5,-5.6,3,calm
02/03/2025,46204,Indianapolis,IN,0,17.6,1,-7.8,1,calm
02/03/2025,60601,Chicago,IL,0,17.6,0.6,-7.8,3,calm
03/03/2025,43215,Columbus,OH,0,26.6,4.8,-4.8,3,calm
03/03/2025,46204,Indianapolis,IN,0,34.6,8,-3.2,3,calm
03/03/2025,60601,Chicago,IL,0,41,7.7,-1.5,3,moderate
04/03/2025,43215,Columbus,OH,0.1,39.2,16.9,1.1,51,calm
04/03/2025,46204,Indianapolis,IN,5.7,48.2,16.9,4.7,61,moderate
04/03/2025,60601,Chicago,IL,10.9,54,11.1,5.2,61,moderate
05/03/2025,43215,Columbus,OH,7.5,73.1,15.3,1.5,61,severe
05/03/2025,46204,Indianapolis,IN,10.5,81.7,13,0.2,73,severe
05/03/2025,60601,Chicago,IL,11.6,61.6,10.8,-1.1,73,severe
06/03/2025,43215,Columbus,OH,0.5,56.9,4.2,-1.1,71,moderate
06/03/2025,46204,Indianapolis,IN,0.2,48.2,5.3,-1.4,71,moderate
06/03/2025,60601,Chicago,IL,0,65.2,4.2,-2.5,3,severe
07/03/2025,43215,Columbus,OH,0.1,26.3,6.8,-1.5,51,calm
07/03/2025,46204,Indianapolis,IN,0.1,32.4,8.6,-0.6,51,calm
07/03/2025,60601,Chicago,IL,3.9,22.7,1.9,0.2,73,calm
08/03/2025,43215,Columbus,OH,0.2,38.5,5.6,-1,71,calm
08/03/2025,46204,Indianapolis,IN,0,38.9,8.1,-1.5,3,calm
08/03/2025,60601,Chicago,IL,0,37.8,9.1,-1.5,3,calm
09/03/2025,43215,Columbus,OH,0,33.5,12.1,-0.9,1,calm
09/03/2025,46204,Indianapolis,IN,0,32.8,12.8,0.8,3,calm
09/03/2025,60601,Chicago,IL,0,38.9,13.1,0.4,2,calm
10/03/2025,43215,Columbus,OH,0,26.3,16.4,0.4,0,calm
10/03/2025,46204,Indianapolis,IN,0,33.8,17.1,1.8,0,calm
10/03/2025,60601,Chicago,IL,0,46.4,17.6,3.8,1,moderate
11/03/2025,43215,Columbus,OH,0,39.6,19.3,4.8,3,calm
11/03/2025,46204,Indianapolis,IN,0,32,19,7.2,3,calm
11/03/2025,60601,Chicago,IL,0,57.2,12.6,0.8,3,moderate
12/03/2025,43215,Columbus,OH,0,23.8,19,1.5,3,calm
12/03/2025,46204,Indianapolis,IN,0,31.7,20,3.9,3,calm
12/03/2025,60601,Chicago,IL,0,32,6.6,1.1,2,calm
13/03/2025,43215,Columbus,OH,0,24.8,19.9,2.8,3,calm
13/03/2025,46204,Indianapolis,IN,0,22.3,21.6,5.2,3,calm
13/03/2025,60601,Chicago,IL,0,28.8,9.6,0.9,2,calm
14/03/2025,43215,Columbus,OH,0,45.7,23.3,6.6,3,moderate
14/03/2025,46204,Indianapolis,IN,0.1,60.1,22.5,10.2,51,severe
14/03/2025,60601,Chicago,IL,0.2,57.2,23.3,8.5,51,moderate
15/03/2025,43215,Columbus,OH,20,64.1,20.4,13.9,63,severe
15/03/2025,46204,Indianapolis,IN,21.5,66.2,21,13.5,63,severe
15/03/2025,60601,Chicago,IL,10.2,79.6,19.6,6.7,63,severe
16/03/2025,43215,Columbus,OH,33.5,77,16.1,3.8,63,severe
16/03/2025,46204,Indianapolis,IN,3.7,52.2,13.2,1.1,61,moderate
16/03/2025,60601,Chicago,IL,13.4,36.4,5.6,-1,73,moderate
17/03/2025,43215,Columbus,OH,0.1,38.5,8.6,-0.1,71,calm
17/03/2025,46204,Indianapolis,IN,0,32.8,10.8,-2.2,3,calm
17/03/2025,60601,Chicago,IL,0.2,50,10.2,-3.5,71,moderate
18/03/2025,43215,Columbus,OH,0,38.5,19.1,2,3,calm
18/03/2025,46204,Indianapolis,IN,0,45.4,21,5.3,3,moderate
18/03/2025,60601,Chicago,IL,0,49,19.6,7.3,3,moderate
19/03/2025,43215,Columbus,OH,0.1,61.2,19.6,9.4,51,severe
19/03/2025,46204,Indianapolis,IN,4.3,70.6,18.5,9.9,61,severe
19/03/2025,60601,Chicago,IL,14.1,59.4,12.8,2.7,65,moderate
20/03/2025,43215,Columbus,OH,3.8,58.7,14.1,2.2,61,moderate
20/03/2025,46204,Indianapolis,IN,1.6,53.6,8.5,1.3,51,moderate
20/03/2025,60601,Chicago,IL,5.9,74.5,4.9,0.3,75,severe
21/03/2025,43215,Columbus,OH,0,40.3,10.9,-2.7,3,moderate
21/03/2025,46204,Indianapolis,IN,0,47.5,12.1,-1.5,3,moderate
21/03/2025,60601,Chicago,IL,0.2,57.6,13.4,-1,51,moderate
22/03/2025,43215,Columbus,OH,0.4,53.6,10.6,2.2,51,moderate
22/03/2025,46204,Indianapolis,IN,1.3,53.6,9.9,4.2,61,moderate
22/03/2025,60601,Chicago,IL,0.2,45,7.4,0.9,71,moderate
23/03/2025,43215,Columbus,OH,1.6,42.5,8.2,-1.9,51,moderate
23/03/2025,46204,Indianapolis,IN,7.7,46.8,10.8,1.9,63,moderate
23/03/2025,60601,Chicago,IL,7.4,67,9.1,1.6,63,severe
24/03/2025,43215,Columbus,OH,2.7,69.8,12,2.6,61,severe
24/03/2025,46204,Indianapolis,IN,0,58.3,10.9,2.3,3,moderate
24/03/2025,60601,Chicago,IL,0,66.2,8.4,0.9,3,severe
25/03/2025,43215,Columbus,OH,0.5,49.7,11.1,1.5,51,moderate
25/03/2025,46204,Indianapolis,IN,1.3,37.8,10.2,3.1,53,calm
25/03/2025,60601,Chicago,IL,0.6,36.7,6.8,0.2,71,calm
26/03/2025,43215,Columbus,OH,0.1,50,9.9,-2,51,moderate
26/03/2025,46204,Indianapolis,IN,0,32,10.9,-0.1,3,calm
26/03/2025,60601,Chicago,IL,1.6,28.1,6.4,-0.8,75,calm
27/03/2025,43215,Columbus,OH,0.4,31.7,15.1,0.4,51,calm
27/03/2025,46204,Indianapolis,IN,0.5,30.2,14.6,2.2,53,calm
27/03/2025,60601,Chicago,IL,0,24.8,12.9,4.1,3,calm
28/03/2025,43215,Columbus,OH,6.5,55.1,23.7,7.2,63,moderate
28/03/2025,46204,Indianapolis,IN,0.6,64.1,24.1,8.6,51,severe
28/03/2025,60601,Chicago,IL,6.7,60.1,24.2,6.9,61,severe
29/03/2025,43215,Columbus,OH,0.1,42.1,22.5,16.2,51,moderate
29/03/2025,46204,Indianapolis,IN,0.3,39.2,20,15.1,51,calm
29/03/2025,60601,Chicago,IL,0.7,60.8,20.3,11.6,51,severe
30/03/2025,43215,Columbus,OH,24.4,57.6,23.1,13.8,63,moderate
30/03/2025,46204,Indianapolis,IN,14.3,69.8,22.9,13.7,63,severe
30/03/2025,60601,Chicago,IL,5.4,54.4,22,7.7,63,moderate
31/03/2025,43215,Columbus,OH,2.4,45.7,15.8,5.4,61,moderate
31/03/2025,46204,Indianapolis,IN,0.2,43.9,13.2,2.2,51,moderate
31/03/2025,60601,Chicago,IL,0.9,50,6.8,1.7,51,moderate
01/04/2025,43215,Columbus,OH,0.2,29.2,9.4,3.7,51,calm
01/04/2025,46204,Indianapolis,IN,0,38.5,11.2,-1.6,3,calm
01/04/2025,60601,Chicago,IL,0,54,6.2,0.6,3,moderate
02/04/2025,43215,Columbus,OH,10.3,80.6,25,5.1,63,severe
02/04/2025,46204,Indianapolis,IN,59.6,74.5,24.3,7.2,65,severe
02/04/2025,60601,Chicago,IL,20.9,63,20.7,5.2,63,severe
03/04/2025,43215,Columbus,OH,40.3,90.7,21.6,11.9,65,severe
03/04/2025,46204,Indianapolis,IN,11.2,55.8,18.5,10.6,63,moderate
03/04/2025,60601,Chicago,IL,0.1,52.6,15.6,5.8,51,moderate
04/04/2025,43215,Columbus,OH,11.7,25.6,14.4,9.6,63,moderate
04/04/2025,46204,Indianapolis,IN,17.2,38.2,16.9,7.5,63,moderate
04/04/2025,60601,Chicago,IL,2.9,32.8,7.3,4.4,55,calm
05/04/2025,43215,Columbus,OH,37.1,47.5,18.4,8.9,63,severe
05/04/2025,46204,Indianapolis,IN,59.1,53.3,17.4,6.8,65,severe
05/04/2025,60601,Chicago,IL,5.5,42.1,10.6,4.6,61,moderate
06/04/2025,43215,Columbus,OH,6.2,44.6,8.6,2.8,53,moderate
06/04/2025,46204,Indianapolis,IN,2.5,39.2,7,3.5,51,calm
06/04/2025,60601,Chicago,IL,0,38.5,6.2,2.8,3,calm
07/04/2025,43215,Columbus,OH,0.8,46.1,12.6,0,51,moderate
07/04/2025,46204,Indianapolis,IN,0,60.5,13.4,-1.2,3,severe
07/04/2025,60601,Chicago,IL,0.7,66.2,5.8,-0.2,71,severe
08/04/2025,43215,Columbus,OH,0,42.8,5.1,-5.2,3,moderate
08/04/2025,46204,Indianapolis,IN,0,38.5,6.6,-4,3,calm
08/04/2025,60601,Chicago,IL,0,46.8,3.6,-2.3,3,moderate
09/04/2025,43215,Columbus,OH,1.1,28.4,8.6,-1.8,53,calm
09/04/2025,46204,Indianapolis,IN,1.3,36.4,7.8,-0.6,53,calm
09/04/2025,60601,Chicago,IL,2.2,44.6,7.7,0.2,53,moderate
10/04/2025,43215,Columbus,OH,2.3,37.1,15.7,4.2,53,calm
10/04/2025,46204,Indianapolis,IN,0,33.8,15.6,4.7,3,calm
10/04/2025,60601,Chicago,IL,0,42.1,5.5,2.2,3,moderate
11/04/2025,43215,Columbus,OH,0,38.9,8.1,2,3,calm
11/04/2025,46204,Indianapolis,IN,0,43.2,10.4,2.7,3,moderate
11/04/2025,60601,Chicago,IL,0,36.7,7.9,2.3,3,calm
12/04/2025,43215,Columbus,OH,0,34.6,11.1,-0.7,3,calm
12/04/2025,46204,Indianapolis,IN,0,19.4,13,0.2,3,calm
12/04/2025,60601,Chicago,IL,0.3,33.1,12.3,0.7,51,calm
13/04/2025,43215,Columbus,OH,0.2,30.6,14.9,0.7,51,calm
13/04/2025,46204,Indianapolis,IN,2.8,51.5,14.7,5.2,61,moderate
13/04/2025,60601,Chicago,IL,0.7,48.6,16.6,7.6,51,moderate
14/04/2025,43215,Columbus,OH,1.3,46.4,23,8.9,55,moderate
14/04/2025,46204,Indianapolis,IN,0.2,44.6,21,11.4,51,moderate
14/04/2025,60601,Chicago,IL,0,71.3,18,10.6,3,severe
15/04/2025,43215,Columbus,OH,0.8,74.5,11.8,5.2,51,severe
15/04/2025,46204,Indianapolis,IN,0.1,68,10.9,6.6,51,severe
15/04/2025,60601,Chicago,IL,1.2,64.1,10.6,4.4,53,severe
16/04/2025,43215,Columbus,OH,0,40,12.1,2.6,2,calm
16/04/2025,46204,Indianapolis,IN,0,31.7,13.4,2.8,3,calm
16/04/2025,60601,Chicago,IL,0,34.9,7.2,2.5,3,calm
17/04/2025,43215,Columbus,OH,0,28.4,16,0.3,3,calm
17/04/2025,46204,Indianapolis,IN,0.1,50,19.7,4.4,51,moderate
17/04/2025,60601,Chicago,IL,0.6,60.1,20.1,4.2,53,severe
18/04/2025,43215,Columbus,OH,0,57.2,24.3,10,3,moderate
18/04/2025,46204,Indianapolis,IN,0,70.9,27.1,14.6,3,severe
18/04/2025,60601,Chicago,IL,0.7,57.6,27,14,51,moderate
19/04/2025,43215,Columbus,OH,0.9,61.9,24.8,14.4,53,severe
19/04/2025,46204,Indianapolis,IN,23.1,46.1,22.5,12.1,63,moderate
19/04/2025,60601,Chicago,IL,0.8,51.1,17.9,6.8,53,moderate
20/04/2025,43215,Columbus,OH,0,31.3,20.4,10.1,3,calm
20/04/2025,46204,Indianapolis,IN,0.6,45.4,23.5,9.5,51,moderate
20/04/2025,60601,Chicago,IL,2,55.1,14.2,7.8,61,moderate
21/04/2025,43215,Columbus,OH,2.6,76.7,23.1,12.1,53,severe
21/04/2025,46204,Indianapolis,IN,4.3,57.2,20.4,10.6,61,moderate
21/04/2025,60601,Chicago,IL,11.9,73.4,16.1,8.8,65,severe
22/04/2025,43215,Columbus,OH,0,26.6,18.5,7.8,3,calm
22/04/2025,46204,Indianapolis,IN,0,24.8,20.4,7.3,3,calm
22/04/2025,60601,Chicago,IL,6.9,33.1,20.6,5.9,63,calm
23/04/2025,43215,Columbus,OH,0,19.8,23.5,8.6,3,calm
23/04/2025,46204,Indianapolis,IN,0,20.2,24.1,10.2,3,calm
23/04/2025,60601,Chicago,IL,7,35.3,20.9,12.4,63,calm
24/04/2025,43215,Columbus,OH,0.4,34.9,25.8,11.6,51,calm
24/04/2025,46204,Indianapolis,IN,0.1,31.7,26.5,11.6,51,calm
24/04/2025,60601,Chicago,IL,0,31.3,18.1,7.7,3,calm
25/04/2025,43215,Columbus,OH,53.8,34.2,23.4,15.4,65,severe
25/04/2025,46204,Indianapolis,IN,16.3,40.3,21.6,12.1,65,moderate
25/04/2025,60601,Chicago,IL,0.1,59,12.9,8,51,moderate
26/04/2025,43215,Columbus,OH,0.5,43.6,17.3,8.4,51,moderate
26/04/2025,46204,Indianapolis,IN,0,47.2,15.6,6.8,3,moderate
26/04/2025,60601,Chicago,IL,0,59.4,9.2,5.6,3,moderate
27/04/2025,43215,Columbus,OH,0,18.7,17.1,5.1,3,calm
27/04/2025,46204,Indianapolis,IN,0,34.9,18.3,6.2,3,calm
27/04/2025,60601,Chicago,IL,0,30.2,16.5,4.2,3,calm
28/04/2025,43215,Columbus,OH,0,27.4,22.6,7.2,2,calm
28/04/2025,46204,Indianapolis,IN,0,39.2,25.6,11.1,3,calm
28/04/2025,60601,Chicago,IL,0,64.1,27.6,10.8,3,severe
29/04/2025,43215,Columbus,OH,7.5,68,26.1,16.5,63,severe
29/04/2025,46204,Indianapolis,IN,4.7,59.8,26.5,15.5,61,moderate
29/04/2025,60601,Chicago,IL,0,64.8,24.1,9.6,3,severe
30/04/2025,43215,Columbus,OH,0,27.4,21.4,9.4,3,calm
30/04/2025,46204,Indianapolis,IN,3.2,28.8,23.3,9.9,63,calm
30/04/2025,60601,Chicago,IL,0.2,29.2,14.6,7.4,51,calm
01/05/2025,43215,Columbus,OH,4.4,67.3,26,15.2,61,severe
01/05/2025,46204,Indianapolis,IN,8,67.3,22.9,16.5,63,severe
01/05/2025,60601,Chicago,IL,17.9,58,21.4,10.8,63,moderate
02/05/2025,43215,Columbus,OH,5.8,54.4,23.4,15.2,63,moderate
02/05/2025,46204,Indianapolis,IN,0.6,47.5,21.8,14.6,51,moderate
02/05/2025,60601,Chicago,IL,0.9,32,13.8,7.3,51,calm
03/05/2025,43215,Columbus,OH,27.9,40.3,15.6,9.7,63,severe
03/05/2025,46204,Indianapolis,IN,4.1,38.2,16.3,10.7,55,calm
03/05/2025,60601,Chicago,IL,0,53.6,8.8,6.4,3,moderate
04/05/2025,43215,Columbus,OH,3.8,32.8,17.8,9.4,55,calm
04/05/2025,46204,Indianapolis,IN,6,42.1,11.7,8.1,55,moderate
04/05/2025,60601,Chicago,IL,5.7,45,10.1,6.3,63,moderate
05/05/2025,43215,Columbus,OH,8.2,24.5,17.4,8.4,63,calm
05/05/2025,46204,Indianapolis,IN,2.4,33.1,16.1,9.2,55,calm
05/05/2025,60601,Chicago,IL,1.5,37.1,13.8,7.4,53,calm
06/05/2025,43215,Columbus,OH,8.5,44.3,16.2,8.6,61,moderate
06/05/2025,46204,Indianapolis,IN,0,44.6,20.9,9.2,3,moderate
06/05/2025,60601,Chicago,IL,0,38.2,22.5,8.4,3,calm
07/05/2025,43215,Columbus,OH,0.2,19.1,21.6,9.7,51,calm
07/05/2025,46204,Indianapolis,IN,0,23.8,22.7,11.1,3,calm
07/05/2025,60601,Chicago,IL,0,43.2,18.1,8,3,moderate
08/05/2025,43215,Columbus,OH,2.5,45.4,21.1,9.6,61,moderate
08/05/2025,46204,Indianapolis,IN,2.4,37.4,20.6,11.4,53,calm
08/05/2025,60601,Chicago,IL,0,53.6,11.9,6.7,3,moderate
09/05/2025,43215,Columbus,OH,0,34.2,16.3,5.9,2,calm
09/05/2025,46204,Indianapolis,IN,0,32,17.8,5.9,3,calm
09/05/2025,60601,Chicago,IL,0,31.3,14.9,5.7,1,calm
10/05/2025,43215,Columbus,OH,0,17.3,21.5,6.2,3,calm
10/05/2025,46204,Indianapolis,IN,0,23.8,22.4,6.2,3,calm
10/05/2025,60601,Chicago,IL,0,52.9,22,9,0,moderate
11/05/2025,43215,Columbus,OH,0,24.8,24.2,10,3,calm
11/05/2025,46204,Indianapolis,IN,0,31.3,24.9,9.5,3,calm
11/05/2025,60601,Chicago,IL,0,35.3,18,7.3,0,calm
12/05/2025,43215,Columbus,OH,2.7,33.8,22.8,13.8,55,calm
12/05/2025,46204,Indianapolis,IN,2.3,46.4,24.3,15.3,55,moderate
12/05/2025,60601,Chicago,IL,1.1,31.7,21.8,11.9,55,calm
13/05/2025,43215,Columbus,OH,17.9,31.3,23,16.5,63,moderate
13/05/2025,46204,Indianapolis,IN,7.7,23.8,23.1,16.5,63,calm
13/05/2025,60601,Chicago,IL,0,31,22.5,12.9,3,calm
14/05/2025,43215,Columbus,OH,0.6,30.6,23.4,15.1,51,calm
14/05/2025,46204,Indianapolis,IN,0.2,25.9,25.2,16.2,51,calm
14/05/2025,60601,Chicago,IL,0,29.5,21,11.9,3,calm
15/05/2025,43215,Columbus,OH,1.4,48.2,27.3,14,53,moderate
15/05/2025,46204,Indianapolis,IN,3.4,57.6,29.4,17.3,61,moderate
15/05/2025,60601,Chicago,IL,3.2,50.4,32.2,14.1,61,moderate
16/05/2025,43215,Columbus,OH,27.9,55.1,25.4,18.4,65,severe
16/05/2025,46204,Indianapolis,IN,10.2,64.4,26.8,17.8,63,severe
16/05/2025,60601,Chicago,IL,0.6,83.2,29.5,17.9,53,severe
17/05/2025,43215,Columbus,OH,4.9,67,21.2,14.9,61,severe
17/05/2025,46204,Indianapolis,IN,0,63.4,19.6,15.2,3,severe
17/05/2025,60601,Chicago,IL,0.1,74.2,19.2,12.4,51,severe
18/05/2025,43215,Columbus,OH,0,38.9,21.1,13.2,3,calm
18/05/2025,46204,Indianapolis,IN,0,24.5,21.8,11.6,3,calm
18/05/2025,60601,Chicago,IL,0,37.4,14.8,8.2,3,calm
19/05/2025,43215,Columbus,OH,0,27.7,21.5,10.2,3,calm
19/05/2025,46204,Indianapolis,IN,0,30.6,23,10.4,3,calm
19/05/2025,60601,Chicago,IL,0,48.6,12.3,6.5,3,moderate
20/05/2025,43215,Columbus,OH,6.3,35.6,17.5,9.4,61,calm
20/05/2025,46204,Indianapolis,IN,19.3,56.9,21.6,12.1,63,moderate
20/05/2025,60601,Chicago,IL,22.2,68,13.8,9.3,63,severe
21/05/2025,43215,Columbus,OH,12.7,59.4,21,12.6,63,moderate
21/05/2025,46204,Indianapolis,IN,2.3,55.4,17.4,12.2,61,moderate
21/05/2025,60601,Chicago,IL,4,34.2,12.1,9.4,53,calm
22/05/2025,43215,Columbus,OH,3.1,47.5,13.3,10,61,moderate
22/05/2025,46204,Indianapolis,IN,0.4,40.7,13.9,8.9,51,moderate
22/05/2025,60601,Chicago,IL,0.9,40,11.5,8.6,51,calm
23/05/2025,43215,Columbus,OH,0.9,54.4,15.6,6.5,51,moderate
23/05/2025,46204,Indianapolis,IN,0,47.5,18,6.3,3,moderate
23/05/2025,60601,Chicago,IL,0,40.3,14.1,6.7,3,moderate
24/05/2025,43215,Columbus,OH,0,35.3,18.3,6.8,3,calm
24/05/2025,46204,Indianapolis,IN,0,25.6,20,7.8,3,calm
24/05/2025,60601,Chicago,IL,0,32.8,13.9,7.4,3,calm
25/05/2025,43215,Columbus,OH,0,26.3,18.1,7.4,3,calm
25/05/2025,46204,Indianapolis,IN,0,28.1,16.8,9.9,3,calm
25/05/2025,60601,Chicago,IL,0.4,29.5,14.9,10.3,51,calm
26/05/2025,43215,Columbus,OH,0,32.4,20.5,9.1,3,calm
26/05/2025,46204,Indianapolis,IN,0,41.4,20.7,9.1,3,moderate
26/05/2025,60601,Chicago,IL,0,35.6,15.6,8.6,3,calm
27/05/2025,43215,Columbus,OH,5.8,44.3,17.8,12.9,61,moderate
27/05/2025,46204,Indianapolis,IN,1.7,37.1,19.4,13.5,55,calm
27/05/2025,60601,Chicago,IL,0.1,34.6,16.1,10.6,51,calm
28/05/2025,43215,Columbus,OH,2,22.7,19.8,13,51,calm
28/05/2025,46204,Indianapolis,IN,8.7,20.9,20.9,12.6,63,calm
28/05/2025,60601,Chicago,IL,9.8,31,15,10.3,63,calm
29/05/2025,43215,Columbus,OH,2.9,32.8,22.5,12.4,55,calm
29/05/2025,46204,Indianapolis,IN,0.3,26.3,21.4,11.8,51,calm
29/05/2025,60601,Chicago,IL,0.2,26.6,20.3,9.9,51,calm
30/05/2025,43215,Columbus,OH,15.9,30.6,17.1,13.9,63,moderate
30/05/2025,46204,Indianapolis,IN,5.8,42.1,21.8,14.1,53,moderate
30/05/2025,60601,Chicago,IL,2.7,52.9,25.5,11.8,61,moderate
31/05/2025,43215,Columbus,OH,1.5,49,18.5,10.7,55,moderate
31/05/2025,46204,Indianapolis,IN,0,41.4,22,11.3,0,moderate
31/05/2025,60601,Chicago,IL,0,43.2,17.6,9.9,0,moderate
01/06/2025,43215,Columbus,OH,0,27,19.1,7.3,3,calm
01/06/2025,46204,Indianapolis,IN,0,28.1,22.6,6.9,1,calm
01/06/2025,60601,Chicago,IL,0,33.8,16.4,8.4,1,calm
02/06/2025,43215,Columbus,OH,0,22.7,23.5,8,1,calm
02/06/2025,46204,Indianapolis,IN,0,29.2,26.8,10.4,1,calm
02/06/2025,60601,Chicago,IL,0,39.6,29.8,10.6,3,calm
03/06/2025,43215,Columbus,OH,0,29.9,27.4,11.5,3,calm
03/06/2025,46204,Indianapolis,IN,0,57.2,31.5,16.2,3,moderate
03/06/2025,60601,Chicago,IL,0.9,76.3,31.8,20,53,severe
04/06/2025,43215,Columbus,OH,0,47.2,29.4,18,3,moderate
04/06/2025,46204,Indianapolis,IN,0.2,50.4,30,21.8,51,moderate
04/06/2025,60601,Chicago,IL,31.8,46.4,23.8,13.1,63,severe
05/06/2025,43215,Columbus,OH,8.5,29.9,26,17.9,61,calm
05/06/2025,46204,Indianapolis,IN,35.2,29.5,25.1,19.3,63,severe
05/06/2025,60601,Chicago,IL,0,33.5,18,10.8,3,calm
06/06/2025,43215,Columbus,OH,6.5,29.2,26.4,18,61,calm
06/06/2025,46204,Indianapolis,IN,3.4,25.6,25.9,19.2,55,calm
06/06/2025,60601,Chicago,IL,0,31,20,13.2,3,calm
07/06/2025,43215,Columbus,OH,4.4,23,25.7,17.3,53,calm
07/06/2025,46204,Indianapolis,IN,18.3,26.3,24.8,17.2,63,moderate
07/06/2025,60601,Chicago,IL,0.3,25.6,20.5,12.6,51,calm
08/06/2025,43215,Columbus,OH,10.8,26.3,24.5,17.2,63,moderate
08/06/2025,46204,Indianapolis,IN,0.8,41.8,25.2,16.8,51,moderate
08/06/2025,60601,Chicago,IL,3.5,50.8,25.9,14,55,moderate
09/06/2025,43215,Columbus,OH,14.2,47.5,23.6,17.5,63,moderate
09/06/2025,46204,Indianapolis,IN,6.7,43.2,24.1,14.6,63,moderate
09/06/2025,60601,Chicago,IL,8.9,56.2,22.1,13.4,63,moderate
10/06/2025,43215,Columbus,OH,0,38.2,22.6,13.3,3,calm
10/06/2025,46204,Indianapolis,IN,0,34.2,23.2,13.4,3,calm
10/06/2025,60601,Chicago,IL,0,47.9,25.9,13.2,3,moderate
11/06/2025,43215,Columbus,OH,0,32.8,26.4,14,3,calm
11/06/2025,46204,Indianapolis,IN,0,31.7,26.6,14.6,3,calm
11/06/2025,60601,Chicago,IL,0,52.2,33.1,17.1,3,moderate
12/06/2025,43215,Columbus,OH,0,21.2,28.7,15.8,3,calm
12/06/2025,46204,Indianapolis,IN,0,21.2,27.6,16.9,3,calm
12/06/2025,60601,Chicago,IL,0.2,33.5,25.2,15.9,51,calm
13/06/2025,43215,Columbus,OH,1.5,20.9,28.1,19.2,55,calm
13/06/2025,46204,Indianapolis,IN,13.2,33.5,25.8,19.7,61,moderate
13/06/2025,60601,Chicago,IL,2.5,26.3,21.9,15.4,53,calm
14/06/2025,43215,Columbus,OH,18.8,27.4,25.5,19.1,63,moderate
14/06/2025,46204,Indianapolis,IN,18.9,29.5,25.9,19.5,63,moderate
14/06/2025,60601,Chicago,IL,0,33.1,20.2,14.9,3,calm
15/06/2025,43215,Columbus,OH,2.5,41,26.9,19,61,moderate
15/06/2025,46204,Indianapolis,IN,3.2,27.7,27,17.9,53,calm
15/06/2025,60601,Chicago,IL,0,27.7,23.9,14.4,3,calm
16/06/2025,43215,Columbus,OH,7.3,24.1,26.8,18.8,63,calm
16/06/2025,46204,Indianapolis,IN,2,20.2,26.5,18.1,53,calm
16/06/2025,60601,Chicago,IL,0,34.9,28,16,3,calm
17/06/2025,43215,Columbus,OH,8.2,37.1,27.2,19.6,63,calm
17/06/2025,46204,Indianapolis,IN,11.9,31.3,27.7,19.9,63,moderate
17/06/2025,60601,Chicago,IL,2.7,43.9,33.5,21.1,61,moderate
18/06/2025,43215,Columbus,OH,10.4,52.9,28.3,20.9,65,moderate
18/06/2025,46204,Indianapolis,IN,5.4,60.8,28.4,20.8,63,severe
18/06/2025,60601,Chicago,IL,41.1,31.3,24.7,18.5,65,severe
19/06/2025,43215,Columbus,OH,8.6,58.7,25.4,19,63,moderate
19/06/2025,46204,Indianapolis,IN,1,40.7,25.6,19.9,51,moderate
19/06/2025,60601,Chicago,IL,9.3,32.4,25.7,18.7,61,calm
20/06/2025,43215,Columbus,OH,0.2,33.5,28.4,17.6,51,calm
20/06/2025,46204,Indianapolis,IN,0,33.5,28,18.2,3,calm
20/06/2025,60601,Chicago,IL,0,46.1,27.3,19.2,3,moderate
21/06/2025,43215,Columbus,OH,0,36,30.5,19.2,3,calm
21/06/2025,46204,Indianapolis,IN,0,42.5,32,20.5,3,moderate
21/06/2025,60601,Chicago,IL,0,59.4,33.2,23.5,3,moderate
22/06/2025,43215,Columbus,OH,0,31.7,33.5,22,0,calm
22/06/2025,46204,Indianapolis,IN,0,35.3,32.8,23.8,1,calm
22/06/2025,60601,Chicago,IL,0,52.9,34.2,25.7,1,moderate
23/06/2025,43215,Columbus,OH,0,22.3,34,22.4,2,calm
23/06/2025,46204,Indianapolis,IN,0,33.1,33.8,23.7,1,calm
23/06/2025,60601,Chicago,IL,0,56.5,35.6,25.9,3,moderate
24/06/2025,43215,Columbus,OH,0.2,24.8,34.2,22.8,51,calm
24/06/2025,46204,Indianapolis,IN,0.1,35.6,34.8,24,51,calm
24/06/2025,60601,Chicago,IL,9.8,45.7,35.2,22.5,63,moderate
25/06/2025,43215,Columbus,OH,3.8,33.1,33.2,24.2,61,calm
25/06/2025,46204,Indianapolis,IN,7,29.9,33,24.3,63,calm
25/06/2025,60601,Chicago,IL,2.8,28.4,26,20.9,61,calm
26/06/2025,43215,Columbus,OH,6.8,40,32,22.9,63,calm
26/06/2025,46204,Indianapolis,IN,1,33.1,32.5,23.8,53,calm
26/06/2025,60601,Chicago,IL,7.5,45,30.6,24.2,63,moderate
27/06/2025,43215,Columbus,OH,3.4,50,31.8,23.5,61,moderate
27/06/2025,46204,Indianapolis,IN,1.9,54.4,31.7,24.1,55,moderate
27/06/2025,60601,Chicago,IL,2,47.2,29.3,23.5,53,moderate
28/06/2025,43215,Columbus,OH,3.4,35.3,30.8,22.5,61,calm
28/06/2025,46204,Indianapolis,IN,3.2,24.5,30.1,21.8,61,calm
28/06/2025,60601,Chicago,IL,0,28.1,25.5,20.2,3,calm
29/06/2025,43215,Columbus,OH,2.6,30.2,30,21,61,calm
29/06/2025,46204,Indianapolis,IN,11.2,29.2,28.4,21.1,63,moderate
29/06/2025,60601,Chicago,IL,0,32,30.9,21.8,3,calm
30/06/2025,43215,Columbus,OH,6.7,49,28.5,22.8,63,moderate
30/06/2025,46204,Indianapolis,IN,3.5,36.4,29.5,21.8,53,calm
30/06/2025,60601,Chicago,IL,0.7,29.9,30.8,22.1,51,calm
01/07/2025,43215,Columbus,OH,4.1,38.5,26.2,21.5,61,calm
01/07/2025,46204,Indianapolis,IN,0.7,32.8,28.5,21.2,53,calm
01/07/2025,60601,Chicago,IL,0,34.2,27.5,20.5,1,calm
02/07/2025,43215,Columbus,OH,0,21.2,28.8,18.9,3,calm
02/07/2025,46204,Indianapolis,IN,0,23.4,28.8,17.8,3,calm
02/07/2025,60601,Chicago,IL,0,32.8,32.2,21,3,calm
03/07/2025,43215,Columbus,OH,0,27,29.9,19.2,3,calm
03/07/2025,46204,Indianapolis,IN,0.1,19.1,30,21,51,calm
03/07/2025,60601,Chicago,IL,0,35.3,31.8,22.5,1,calm
04/07/2025,43215,Columbus,OH,0,15.8,32.2,20,2,calm
04/07/2025,46204,Indianapolis,IN,0,27,32,21.3,3,calm
04/07/2025,60601,Chicago,IL,12.6,29.2,30.5,22.3,65,moderate
05/07/2025,43215,Columbus,OH,0,27.7,31.8,21.1,3,calm
05/07/2025,46204,Indianapolis,IN,0,30.2,33.7,21.5,1,calm
05/07/2025,60601,Chicago,IL,0,54.7,33.8,24.1,3,moderate
06/07/2025,43215,Columbus,OH,1.3,37.1,31.6,20.8,53,calm
06/07/2025,46204,Indianapolis,IN,16.4,49.7,32.5,23.1,65,moderate
06/07/2025,60601,Chicago,IL,6.1,43.6,28.8,19.6,63,moderate
07/07/2025,43215,Columbus,OH,6,38.9,30.8,22.3,63,calm
07/07/2025,46204,Indianapolis,IN,0.3,32.8,27.5,22,51,calm
07/07/2025,60601,Chicago,IL,0.1,37.4,22.5,19,51,calm
08/07/2025,43215,Columbus,OH,0.7,22.7,29.5,20.8,51,calm
08/07/2025,46204,Indianapolis,IN,0,17.6,30.2,18.8,3,calm
08/07/2025,60601,Chicago,IL,1.6,31,31.1,19.6,55,calm
09/07/2025,43215,Columbus,OH,0.4,24.5,29,22.8,51,calm
09/07/2025,46204,Indianapolis,IN,5.9,28.4,28,21.4,63,calm
09/07/2025,60601,Chicago,IL,7.6,36,26,20.3,63,calm
10/07/2025,43215,Columbus,OH,2.8,28.8,28.3,20.9,61,calm
10/07/2025,46204,Indianapolis,IN,0,26.6,31,21,3,calm
10/07/2025,60601,Chicago,IL,2.1,29.9,26,19.4,55,calm
11/07/2025,43215,Columbus,OH,0,25.6,31.6,20.7,3,calm
11/07/2025,46204,Indianapolis,IN,0,34.9,34.2,22.7,3,calm
11/07/2025,60601,Chicago,IL,20,42.1,31,21.2,63,moderate
12/07/2025,43215,Columbus,OH,3.3,47.2,33.4,22.5,63,moderate
12/07/2025,46204,Indianapolis,IN,8.2,53.3,32.2,23,63,moderate
12/07/2025,60601,Chicago,IL,0.2,38.2,28.2,22.2,51,calm
13/07/2025,43215,Columbus,OH,0.8,27.7,30.6,21.9,51,calm
13/07/2025,46204,Indianapolis,IN,20.1,32.4,30.6,21.4,65,moderate
13/07/2025,60601,Chicago,IL,0,19.8,27.1,20.5,3,calm
14/07/2025,43215,Columbus,OH,19.4,36.7,28.7,21.3,63,moderate
14/07/2025,46204,Indianapolis,IN,1.2,19.1,28.5,20.3,51,calm
14/07/2025,60601,Chicago,IL,0,23.4,28.6,18.4,3,calm
15/07/2025,43215,Columbus,OH,0.1,14.8,29.9,19.4,51,calm
15/07/2025,46204,Indianapolis,IN,3.7,31.3,29.1,22,61,calm
15/07/2025,60601,Chicago,IL,0.6,32,30.6,21.3,51,calm
16/07/2025,43215,Columbus,OH,23.9,44.3,28.9,22,65,moderate
16/07/2025,46204,Indianapolis,IN,9.7,41,30,22.4,63,moderate
16/07/2025,60601,Chicago,IL,2.8,52.6,33.3,23.2,61,moderate
17/07/2025,43215,Columbus,OH,17.4,40,29,24,65,moderate
17/07/2025,46204,Indianapolis,IN,7.3,30.2,30.5,23,61,calm
17/07/2025,60601,Chicago,IL,0.4,43.9,23.3,17.4,51,moderate
18/07/2025,43215,Columbus,OH,16.3,25.6,27,21,65,moderate
18/07/2025,46204,Indianapolis,IN,11.7,25.2,29.5,19.5,63,moderate
18/07/2025,60601,Chicago,IL,0,32,24.4,16.7,3,calm
19/07/2025,43215,Columbus,OH,8,24.8,29.5,19.5,63,calm
19/07/2025,46204,Indianapolis,IN,8.6,42.1,29.2,20.7,63,moderate
19/07/2025,60601,Chicago,IL,3.2,46.4,28.5,21.5,61,moderate
20/07/2025,43215,Columbus,OH,28.8,32.8,29.2,21.7,65,severe
20/07/2025,46204,Indianapolis,IN,1.6,35.3,30.4,23.3,55,calm
20/07/2025,60601,Chicago,IL,6.9,36.7,23.8,20.1,61,calm
21/07/2025,43215,Columbus,OH,0,22.3,26.8,19.5,3,calm
21/07/2025,46204,Indianapolis,IN,0.9,27,27.9,21.5,51,calm
21/07/2025,60601,Chicago,IL,0,33.5,25,20.1,3,calm
22/07/2025,43215,Columbus,OH,0,15.5,27.9,16.6,3,calm
22/07/2025,46204,Indianapolis,IN,0,28.1,28.5,18.8,3,calm
22/07/2025,60601,Chicago,IL,0,39.6,29,20.4,3,calm
23/07/2025,43215,Columbus,OH,0,16.9,30,17.1,3,calm
23/07/2025,46204,Indianapolis,IN,0,24.8,32.3,19.5,3,calm
23/07/2025,60601,Chicago,IL,0,41,33.7,21.7,3,moderate
24/07/2025,43215,Columbus,OH,0.3,37.1,33,20,51,calm
24/07/2025,46204,Indianapolis,IN,2.8,36.7,34.2,23.5,53,calm
24/07/2025,60601,Chicago,IL,1.5,51.1,35,24.9,51,moderate
25/07/2025,43215,Columbus,OH,15,32.8,32.2,21.5,65,moderate
25/07/2025,46204,Indianapolis,IN,0.7,32.8,33.3,24.8,51,calm
25/07/2025,60601,Chicago,IL,4.3,29.9,27.2,22.8,53,calm
26/07/2025,43215,Columbus,OH,2.5,33.5,32.8,22.5,55,calm
26/07/2025,46204,Indianapolis,IN,3.9,36.4,32.2,24,61,calm
26/07/2025,60601,Chicago,IL,3.9,37.4,28.6,22.5,61,calm
27/07/2025,43215,Columbus,OH,7.5,35.6,28.8,23.1,63,calm
27/07/2025,46204,Indianapolis,IN,15.9,32.4,29.1,24.6,65,moderate
27/07/2025,60601,Chicago,IL,0.4,25.2,29,22.6,51,calm
28/07/2025,43215,Columbus,OH,10.1,27,31.5,23,63,moderate
28/07/2025,46204,Indianapolis,IN,10,31.3,30.9,22.9,63,calm
28/07/2025,60601,Chicago,IL,1.5,30.2,29.5,24,53,calm
29/07/2025,43215,Columbus,OH,0.3,27.4,31.2,22.8,51,calm
29/07/2025,46204,Indianapolis,IN,0,26.6,33.2,23.6,2,calm
29/07/2025,60601,Chicago,IL,0,23.8,32.2,22,3,calm
30/07/2025,43215,Columbus,OH,0,20.2,33.2,22.4,3,calm
30/07/2025,46204,Indianapolis,IN,0,22,32.9,22.8,3,calm
30/07/2025,60601,Chicago,IL,19,44.3,25,19.5,63,moderate
31/07/2025,43215,Columbus,OH,11.9,45,25.5,19.3,63,moderate
31/07/2025,46204,Indianapolis,IN,6.3,46.1,23.8,19.1,63,moderate
31/07/2025,60601,Chicago,IL,7.7,50.4,20.9,18.8,61,moderate
01/08/2025,43215,Columbus,OH,0,43.2,24.9,15.7,3,moderate
01/08/2025,46204,Indianapolis,IN,0,45.4,24.2,15.9,3,moderate
01/08/2025,60601,Chicago,IL,0,40.7,22,18.2,3,moderate
02/08/2025,43215,Columbus,OH,0,38.5,25.5,15.4,3,calm
02/08/2025,46204,Indianapolis,IN,0,41.4,24.4,15.2,3,moderate
02/08/2025,60601,Chicago,IL,0,27.7,23.6,17.6,3,calm
03/08/2025,43215,Columbus,OH,0,25.6,27.8,15.1,2,calm
03/08/2025,46204,Indianapolis,IN,0,31.3,27.2,15.1,3,calm
03/08/2025,60601,Chicago,IL,0,32,23.6,16.7,3,calm
04/08/2025,43215,Columbus,OH,0,17.6,28,15.6,3,calm
04/08/2025,46204,Indianapolis,IN,0.5,36.4,28.1,18.4,51,calm
04/08/2025,60601,Chicago,IL,0.2,29.5,24.4,19.8,51,calm
05/08/2025,43215,Columbus,OH,1.2,35.3,29.8,18.4,53,calm
05/08/2025,46204,Indianapolis,IN,4.7,28.1,28.5,18.5,63,calm
05/08/2025,60601,Chicago,IL,0,29.9,25,20.6,1,calm
06/08/2025,43215,Columbus,OH,5,29.2,29.6,20.2,61,calm
06/08/2025,46204,Indianapolis,IN,0.8,18.7,29.4,18.5,51,calm
06/08/2025,60601,Chicago,IL,0,37.1,28.5,19.5,3,calm
07/08/2025,43215,Columbus,OH,0.8,27.7,29.5,19.6,53,calm
07/08/2025,46204,Indianapolis,IN,0.5,18.7,30.5,20,51,calm
07/08/2025,60601,Chicago,IL,1.5,36,30.4,21.5,61,calm
08/08/2025,43215,Columbus,OH,0.1,23.8,30.3,19.8,51,calm
08/08/2025,46204,Indianapolis,IN,0,31.3,31.4,20.9,3,calm
08/08/2025,60601,Chicago,IL,0,42.8,33.2,23,3,moderate
09/08/2025,43215,Columbus,OH,0,26.3,31.1,19.9,3,calm
09/08/2025,46204,Indianapolis,IN,0,29.5,33,22.1,0,calm
09/08/2025,60601,Chicago,IL,0,50.8,33.6,24,3,moderate
10/08/2025,43215,Columbus,OH,0,19.8,31.1,20.4,1,calm
10/08/2025,46204,Indianapolis,IN,0,26.6,32.2,22,1,calm
10/08/2025,60601,Chicago,IL,0.5,46.4,32.5,24.5,51,moderate
11/08/2025,43215,Columbus,OH,0,22.7,30.7,20.9,1,calm
11/08/2025,46204,Indianapolis,IN,0,29.5,33,22,3,calm
11/08/2025,60601,Chicago,IL,8.7,42.8,31.6,22.6,63,moderate
12/08/2025,43215,Columbus,OH,0,27,32,21.5,3,calm
12/08/2025,46204,Indianapolis,IN,3.2,35.3,32.5,22.8,63,calm
12/08/2025,60601,Chicago,IL,10.2,38.2,29.4,21.4,63,moderate
13/08/2025,43215,Columbus,OH,28.7,28.8,27.8,22.2,65,severe
13/08/2025,46204,Indianapolis,IN,0.8,25.9,29.7,22,53,calm
13/08/2025,60601,Chicago,IL,0,31.7,26.5,21.6,3,calm
14/08/2025,43215,Columbus,OH,0.2,22.7,30.4,20.9,51,calm
14/08/2025,46204,Indianapolis,IN,0,21.2,32.4,20,3,calm
14/08/2025,60601,Chicago,IL,0,32.4,26.2,19.7,0,calm
15/08/2025,43215,Columbus,OH,0.3,19.1,30.5,20.7,51,calm
15/08/2025,46204,Indianapolis,IN,0.1,25.9,34.3,21.7,51,calm
15/08/2025,60601,Chicago,IL,0,31.7,32.5,20.4,3,calm
16/08/2025,43215,Columbus,OH,0.6,19.4,32.2,22,53,calm
16/08/2025,46204,Indianapolis,IN,11.6,40.3,30.6,23.5,63,moderate
16/08/2025,60601,Chicago,IL,0,40.3,33.8,24.6,3,moderate
17/08/2025,43215,Columbus,OH,0.1,38.2,31.5,22.4,51,calm
17/08/2025,46204,Indianapolis,IN,1.5,28.1,32.4,21.9,61,calm
17/08/2025,60601,Chicago,IL,0.3,37.8,26,21.8,51,calm
18/08/2025,43215,Columbus,OH,0,24.5,29.1,18.7,3,calm
18/08/2025,46204,Indianapolis,IN,0.1,22,31.6,21.8,51,calm
18/08/2025,60601,Chicago,IL,7,35.3,29,21.7,63,calm
19/08/2025,43215,Columbus,OH,19,35.6,31.5,20.1,65,moderate
19/08/2025,46204,Indianapolis,IN,5.8,40.3,31.6,22.4,63,moderate
19/08/2025,60601,Chicago,IL,8.7,41.4,24.2,21.8,63,moderate
20/08/2025,43215,Columbus,OH,0.3,41,25.2,20.6,51,moderate
20/08/2025,46204,Indianapolis,IN,1,35.6,25.8,19.4,51,calm
20/08/2025,60601,Chicago,IL,0.4,42.1,22.2,20.5,51,moderate
21/08/2025,43215,Columbus,OH,0.3,36.7,24.4,18.6,51,calm
21/08/2025,46204,Indianapolis,IN,0.2,38.2,25.1,19.2,51,calm
21/08/2025,60601,Chicago,IL,0.5,37.8,22.6,19.8,51,calm
22/08/2025,43215,Columbus,OH,0,19.4,25.9,16.5,3,calm
22/08/2025,46204,Indianapolis,IN,0.2,28.1,26.2,17,51,calm
22/08/2025,60601,Chicago,IL,0,22.7,25.6,17.9,3,calm
23/08/2025,43215,Columbus,OH,0,29.5,27,17.6,3,calm
23/08/2025,46204,Indianapolis,IN,0.5,28.8,26.4,17.7,51,calm
23/08/2025,60601,Chicago,IL,0.6,44.6,27.8,19.7,51,moderate
24/08/2025,43215,Columbus,OH,0,33.8,25.9,18.3,3,calm
24/08/2025,46204,Indianapolis,IN,0,41.4,24.1,16.2,3,moderate
24/08/2025,60601,Chicago,IL,0,43.6,23.5,15.8,1,moderate
25/08/2025,43215,Columbus,OH,0,38.9,23.2,14.5,3,calm
25/08/2025,46204,Indianapolis,IN,0,38.2,21.3,13.9,3,calm
25/08/2025,60601,Chicago,IL,0,38.2,21.1,13.6,3,calm
26/08/2025,43215,Columbus,OH,0,36,21.3,12.4,3,calm
26/08/2025,46204,Indianapolis,IN,0,36.7,22,12.7,3,calm
26/08/2025,60601,Chicago,IL,0.1,33.5,22,13.4,51,calm
27/08/2025,43215,Columbus,OH,0,25.9,22.3,11.4,3,calm
27/08/2025,46204,Indianapolis,IN,0,25.2,25,12.5,3,calm
27/08/2025,60601,Chicago,IL,0,40.3,24.5,13.8,3,moderate
28/08/2025,43215,Columbus,OH,1.4,38.2,22.2,12.1,53,calm
28/08/2025,46204,Indianapolis,IN,0.7,40.7,25.8,14.4,51,moderate
28/08/2025,60601,Chicago,IL,3,37.1,23.2,16,53,calm
29/08/2025,43215,Columbus,OH,0,29.5,21.7,13.3,3,calm
29/08/2025,46204,Indianapolis,IN,0,28.4,24.1,13.6,3,calm
29/08/2025,60601,Chicago,IL,0.6,30.6,18.8,15.1,53,calm
30/08/2025,43215,Columbus,OH,0,25.9,22,11.6,3,calm
30/08/2025,46204,Indianapolis,IN,0,29.2,25.1,13.1,3,calm
30/08/2025,60601,Chicago,IL,0.2,25.2,21.5,16.1,51,calm
31/08/2025,43215,Columbus,OH,0,36.7,24.4,12.6,0,calm
31/08/2025,46204,Indianapolis,IN,0,33.1,25,13.1,0,calm
31/08/2025,60601,Chicago,IL,0,33.5,22.6,15,0,calm
01/09/2025,43215,Columbus,OH,0,25.2,26,13.8,3,calm
01/09/2025,46204,Indianapolis,IN,0,28.8,27,13.5,0,calm
01/09/2025,60601,Chicago,IL,0,27,23.1,16,0,calm
02/09/2025,43215,Columbus,OH,0,21.6,27.2,13.5,0,calm
02/09/2025,46204,Indianapolis,IN,0.3,26.3,28.2,15.6,51,calm
02/09/2025,60601,Chicago,IL,0.1,28.1,24.5,16.5,51,calm
03/09/2025,43215,Columbus,OH,0,37.1,27.1,14.2,1,calm
03/09/2025,46204,Indianapolis,IN,5.4,40.3,28.2,16.1,63,moderate
03/09/2025,60601,Chicago,IL,13.7,41.8,20.4,15.5,63,moderate
04/09/2025,43215,Columbus,OH,2,41.4,22.3,14.7,53,moderate
04/09/2025,46204,Indianapolis,IN,5.3,30.2,19.8,13.7,63,calm
04/09/2025,60601,Chicago,IL,0,36.4,18.7,10.7,3,calm
05/09/2025,43215,Columbus,OH,0,53.3,26.4,11.9,3,moderate
05/09/2025,46204,Indianapolis,IN,0,40,23.2,13.4,3,calm
05/09/2025,60601,Chicago,IL,0,53.6,18.6,13.6,3,moderate
06/09/2025,43215,Columbus,OH,0,37.1,20.8,14.4,3,calm
06/09/2025,46204,Indianapolis,IN,0,42.5,19.9,13.9,3,moderate
06/09/2025,60601,Chicago,IL,0,46.1,18.2,10.4,3,moderate
07/09/2025,43215,Columbus,OH,0,25.6,20.7,10.4,3,calm
07/09/2025,46204,Indianapolis,IN,0,31,20.2,11.8,3,calm
07/09/2025,60601,Chicago,IL,0,24.8,19,9.9,2,calm
08/09/2025,43215,Columbus,OH,0,18.7,22,10.1,0,calm
08/09/2025,46204,Indianapolis,IN,0,19.1,21.9,10,0,calm
08/09/2025,60601,Chicago,IL,0,24.5,21,10.6,0,calm
09/09/2025,43215,Columbus,OH,0,19.8,23.8,10.9,3,calm
09/09/2025,46204,Indianapolis,IN,0,25.9,24.5,12.1,3,calm
09/09/2025,60601,Chicago,IL,0,27,23.4,12.1,3,calm
10/09/2025,43215,Columbus,OH,0,17.3,25.7,12.4,3,calm
10/09/2025,46204,Indianapolis,IN,0,16.2,27.4,14.1,3,calm
10/09/2025,60601,Chicago,IL,0,25.6,26.5,15.7,3,calm
11/09/2025,43215,Columbus,OH,0,29.2,27.6,14.3,0,calm
11/09/2025,46204,Indianapolis,IN,0,28.4,29.5,16,1,calm
11/09/2025,60601,Chicago,IL,0,31.3,23.3,17.4,0,calm
12/09/2025,43215,Columbus,OH,0,19.8,27.6,14.4,0,calm
12/09/2025,46204,Indianapolis,IN,0,22,29.6,16.6,3,calm
12/09/2025,60601,Chicago,IL,0,29.2,28,16.5,3,calm
13/09/2025,43215,Columbus,OH,0,23,28.1,15.2,3,calm
13/09/2025,46204,Indianapolis,IN,8.3,36,30.7,17.4,63,calm
13/09/2025,60601,Chicago,IL,7.5,31,26.2,18,63,calm
14/09/2025,43215,Columbus,OH,0,22.3,29.9,16.9,0,calm
14/09/2025,46204,Indianapolis,IN,8.2,36.4,31,18.5,63,calm
14/09/2025,60601,Chicago,IL,0,28.1,25,18.5,0,calm
15/09/2025,43215,Columbus,OH,0,25.6,31.3,18,3,calm
15/09/2025,46204,Indianapolis,IN,0,27,30.4,18.4,1,calm
15/09/2025,60601,Chicago,IL,0,29.2,24.3,18.1,0,calm
16/09/2025,43215,Columbus,OH,0,19.1,30,17.8,3,calm
16/09/2025,46204,Indianapolis,IN,0,24.5,29,17.3,3,calm
16/09/2025,60601,Chicago,IL,0,27.7,25.4,17.4,3,calm
17/09/2025,43215,Columbus,OH,0,24.8,30,18,3,calm
17/09/2025,46204,Indianapolis,IN,0,18,29.7,17,0,calm
17/09/2025,60601,Chicago,IL,0,27.4,25.4,17.2,3,calm
18/09/2025,43215,Columbus,OH,0,21.2,30.1,16.8,0,calm
18/09/2025,46204,Indianapolis,IN,0,20.2,30,17.1,0,calm
18/09/2025,60601,Chicago,IL,0,32.8,27.6,17,3,calm
19/09/2025,43215,Columbus,OH,0,25.2,31.2,17,1,calm
19/09/2025,46204,Indianapolis,IN,0,24.5,30.8,18,3,calm
19/09/2025,60601,Chicago,IL,0,33.5,28.3,18.6,3,calm
20/09/2025,43215,Columbus,OH,0,30.6,30.6,18.8,3,calm
20/09/2025,46204,Indianapolis,IN,0,27,31.4,19.4,3,calm
20/09/2025,60601,Chicago,IL,5.5,33.5,25.8,19.1,61,calm
21/09/2025,43215,Columbus,OH,2.4,45.4,30,19.6,61,moderate
21/09/2025,46204,Indianapolis,IN,4.6,40.7,28.9,19.9,61,moderate
21/09/2025,60601,Chicago,IL,4.5,36.7,25.3,19.2,61,calm
22/09/2025,43215,Columbus,OH,7,29.9,25.8,18.9,61,calm
22/09/2025,46204,Indianapolis,IN,12.6,31.3,21.7,17.6,61,moderate
22/09/2025,60601,Chicago,IL,0.4,31,24.6,18.6,51,calm
23/09/2025,43215,Columbus,OH,1,28.1,25,18.8,51,calm
23/09/2025,46204,Indianapolis,IN,15.4,24.1,25.1,17.1,63,moderate
23/09/2025,60601,Chicago,IL,6.2,36.4,23.4,17.5,61,calm
24/09/2025,43215,Columbus,OH,6.2,21.2,24.4,18.6,61,calm
24/09/2025,46204,Indianapolis,IN,9.8,25.9,24.7,18.8,63,calm
24/09/2025,60601,Chicago,IL,0.2,44.6,19.5,16.8,51,moderate
25/09/2025,43215,Columbus,OH,12,25.9,23,17.2,63,moderate
25/09/2025,46204,Indianapolis,IN,7.5,30.6,23,15.9,63,calm
25/09/2025,60601,Chicago,IL,0.4,33.5,20.3,15.4,51,calm
26/09/2025,43215,Columbus,OH,0,13.3,24.1,14.4,2,calm
26/09/2025,46204,Indianapolis,IN,0,17.3,23.8,14.1,0,calm
26/09/2025,60601,Chicago,IL,0,26.3,26,14.3,0,calm
27/09/2025,43215,Columbus,OH,0,13.3,25.6,14.7,1,calm
27/09/2025,46204,Indianapolis,IN,0,14.8,26.6,14.8,0,calm
27/09/2025,60601,Chicago,IL,0,34.2,29.7,17.4,2,calm
28/09/2025,43215,Columbus,OH,0,13.3,28.4,15.8,1,calm
28/09/2025,46204,Indianapolis,IN,0,14,28.8,16.4,0,calm
28/09/2025,60601,Chicago,IL,0,30.6,23,19.2,0,calm
29/09/2025,43215,Columbus,OH,0,24.8,27.5,16,1,calm
29/09/2025,46204,Indianapolis,IN,0,23,30,16.1,2,calm
29/09/2025,60601,Chicago,IL,0,29.9,26.3,17.2,0,calm
30/09/2025,43215,Columbus,OH,0,27.4,27.2,14.9,0,calm
30/09/2025,46204,Indianapolis,IN,0,31,28.8,16,0,calm
30/09/2025,60601,Chicago,IL,0,31.3,24.8,18.6,3,calm
01/10/2025,43215,Columbus,OH,0,23.4,25.1,13.8,3,calm
01/10/2025,46204,Indianapolis,IN,0,26.6,28.3,14.2,3,calm
01/10/2025,60601,Chicago,IL,0,34.2,22.4,16.8,3,calm
02/10/2025,43215,Columbus,OH,0,14,24.5,11.2,3,calm
02/10/2025,46204,Indianapolis,IN,0,23.4,29,13.6,3,calm
02/10/2025,60601,Chicago,IL,0,30.6,25.4,14.9,3,calm
03/10/2025,43215,Columbus,OH,0,18.4,26.4,12.6,3,calm
03/10/2025,46204,Indianapolis,IN,0,22.7,29.2,15.4,3,calm
03/10/2025,60601,Chicago,IL,0,23.8,30.5,17.4,1,calm
04/10/2025,43215,Columbus,OH,0,18.4,26.7,13.1,3,calm
04/10/2025,46204,Indianapolis,IN,0,25.9,28.3,17,1,calm
04/10/2025,60601,Chicago,IL,0,40.3,29.7,18.7,1,moderate
05/10/2025,43215,Columbus,OH,0,20.2,26.6,12.6,1,calm
05/10/2025,46204,Indianapolis,IN,0,38.2,27.9,15.3,1,calm
05/10/2025,60601,Chicago,IL,0,46.8,28.9,17.8,3,moderate
06/10/2025,43215,Columbus,OH,0.1,27.7,25.2,13.2,51,calm
06/10/2025,46204,Indianapolis,IN,1.5,39.2,25.1,17.1,51,calm
06/10/2025,60601,Chicago,IL,6.2,36.4,28.3,18.6,63,calm
07/10/2025,43215,Columbus,OH,52.6,48.6,20.6,15.6,65,severe
07/10/2025,46204,Indianapolis,IN,13.5,38.2,24.8,13.9,63,moderate
07/10/2025,60601,Chicago,IL,14.5,47.2,19.1,13.6,63,moderate
08/10/2025,43215,Columbus,OH,0.1,39.6,19.1,10.9,51,calm
08/10/2025,46204,Indianapolis,IN,0,28.1,20.2,9.8,2,calm
08/10/2025,60601,Chicago,IL,0.1,35.3,16.2,12.4,51,calm
09/10/2025,43215,Columbus,OH,0,24.5,16.5,6.8,0,calm
09/10/2025,46204,Indianapolis,IN,0,25.6,18,7.1,0,calm
09/10/2025,60601,Chicago,IL,0,26.6,15.7,8.9,0,calm
10/10/2025,43215,Columbus,OH,0,23.4,19.3,5.7,3,calm
10/10/2025,46204,Indianapolis,IN,0,19.4,18.8,5.5,3,calm
10/10/2025,60601,Chicago,IL,0,38.5,19.6,8.9,3,calm
11/10/2025,43215,Columbus,OH,0,24.8,20.5,8.9,3,calm
11/10/2025,46204,Indianapolis,IN,0,23.4,22.5,11.6,3,calm
11/10/2025,60601,Chicago,IL,0.1,37.4,17.2,13.8,51,calm
12/10/2025,43215,Columbus,OH,0,24.1,21.2,8.3,2,calm
12/10/2025,46204,Indianapolis,IN,0,23.8,21.8,8.6,0,calm
12/10/2025,60601,Chicago,IL,0,29.2,18,10.4,3,calm
13/10/2025,43215,Columbus,OH,0,27.7,22.9,11.1,3,calm
13/10/2025,46204,Indianapolis,IN,0,19.1,24.4,9.2,3,calm
13/10/2025,60601,Chicago,IL,0,22.7,19.2,12.2,3,calm
14/10/2025,43215,Columbus,OH,0,31.7,22,10.6,3,calm
14/10/2025,46204,Indianapolis,IN,0,24.1,25.4,12.6,3,calm
14/10/2025,60601,Chicago,IL,0,37.8,19.3,14.7,3,calm
15/10/2025,43215,Columbus,OH,0,28.4,17.3,11,3,calm
15/10/2025,46204,Indianapolis,IN,0,20.5,21.1,13.1,3,calm
15/10/2025,60601,Chicago,IL,4.2,31,15.4,13.4,61,calm
16/10/2025,43215,Columbus,OH,0,20.5,17.5,7.8,0,calm
16/10/2025,46204,Indianapolis,IN,0,27,20.8,12.1,3,calm
16/10/2025,60601,Chicago,IL,0,27,17.9,12.7,3,calm
17/10/2025,43215,Columbus,OH,0,21.2,18.6,5.3,3,calm
17/10/2025,46204,Indianapolis,IN,0,32.4,22.9,9.7,3,calm
17/10/2025,60601,Chicago,IL,0,38.2,23,12.8,3,calm
18/10/2025,43215,Columbus,OH,0.3,41.8,26.4,10.5,51,moderate
18/10/2025,46204,Indianapolis,IN,9.7,51.8,27.4,15.1,63,moderate
18/10/2025,60601,Chicago,IL,11.6,44.3,23.4,16.4,63,moderate
19/10/2025,43215,Columbus,OH,32.9,61.2,21.3,9.4,63,severe
19/10/2025,46204,Indianapolis,IN,23.9,58.7,18.2,9.4,65,moderate
19/10/2025,60601,Chicago,IL,16.1,58.7,16.3,9.6,63,moderate
20/10/2025,43215,Columbus,OH,0,34.9,15.9,6.5,3,calm
20/10/2025,46204,Indianapolis,IN,0,39.6,17.5,4.9,0,calm
20/10/2025,60601,Chicago,IL,0.2,45,17.3,5.6,51,moderate
21/10/2025,43215,Columbus,OH,3.3,40,16.8,8.2,61,calm
21/10/2025,46204,Indianapolis,IN,0.7,63,17.2,9.5,51,severe
21/10/2025,60601,Chicago,IL,2.4,66.6,12.8,8,55,severe
22/10/2025,43215,Columbus,OH,0,53.6,9.6,7.5,3,moderate
22/10/2025,46204,Indianapolis,IN,0,55.8,11.1,5.8,3,moderate
22/10/2025,60601,Chicago,IL,0.1,63,9.9,7.4,51,severe
23/10/2025,43215,Columbus,OH,0.1,40.7,11.3,4.7,51,moderate
23/10/2025,46204,Indianapolis,IN,0,40.3,12.2,2.9,1,moderate
23/10/2025,60601,Chicago,IL,0,41.8,10.6,4.3,3,moderate
24/10/2025,43215,Columbus,OH,0,27.4,13.4,2.2,3,calm
24/10/2025,46204,Indianapolis,IN,0,17.6,12.2,1,3,calm
24/10/2025,60601,Chicago,IL,0,20.2,9.6,2.5,3,calm
25/10/2025,43215,Columbus,OH,0,11.9,12,1.8,3,calm
25/10/2025,46204,Indianapolis,IN,0,19.8,13.4,3.8,3,calm
25/10/2025,60601,Chicago,IL,0,27,11.4,3.2,3,calm
26/10/2025,43215,Columbus,OH,0,24.8,14.4,4.4,3,calm
26/10/2025,46204,Indianapolis,IN,0,38.5,16.3,7.7,3,calm
26/10/2025,60601,Chicago,IL,0,38.2,12.8,8.2,0,calm
27/10/2025,43215,Columbus,OH,0,31.3,15.4,4.1,3,calm
27/10/2025,46204,Indianapolis,IN,0,35.6,16.9,6.2,3,calm
27/10/2025,60601,Chicago,IL,0,41,12.6,7.8,3,moderate
28/10/2025,43215,Columbus,OH,0,33.8,14.1,6.2,3,calm
28/10/2025,46204,Indianapolis,IN,0.2,37.4,15.2,9.4,51,calm
28/10/2025,60601,Chicago,IL,0,46.4,13.2,8.3,3,moderate
29/10/2025,43215,Columbus,OH,9.8,39.2,9.4,5.3,63,calm
29/10/2025,46204,Indianapolis,IN,7.5,55.1,11.1,8.2,61,moderate
29/10/2025,60601,Chicago,IL,0,59,11.8,8.9,3,moderate
30/10/2025,43215,Columbus,OH,13,54.7,9.6,6.3,61,moderate
30/10/2025,46204,Indianapolis,IN,6.3,50,13.9,6.2,61,moderate
30/10/2025,60601,Chicago,IL,0,41.8,11.4,6.8,2,moderate
31/10/2025,43215,Columbus,OH,0.2,47.5,12.1,4.3,51,moderate
31/10/2025,46204,Indianapolis,IN,0,39.6,12.8,4.6,3,calm
31/10/2025,60601,Chicago,IL,0.8,37.4,11.4,5.2,53,calm
01/11/2025,43215,Columbus,OH,0,19.8,13.7,3.6,3,calm
01/11/2025,46204,Indianapolis,IN,0,32.4,11.4,4.3,3,calm
01/11/2025,60601,Chicago,IL,0.2,26.3,9.6,4.2,51,calm
02/11/2025,43215,Columbus,OH,0,15.1,12,3.2,3,calm
02/11/2025,46204,Indianapolis,IN,0.2,18.7,11.1,3,51,calm
02/11/2025,60601,Chicago,IL,1.8,40,11.1,5.3,53,calm
03/11/2025,43215,Columbus,OH,0,44.6,13.4,3.8,3,moderate
03/11/2025,46204,Indianapolis,IN,0,37.8,14.9,3,3,calm
03/11/2025,60601,Chicago,IL,0.8,42.8,14.8,5.2,53,moderate
04/11/2025,43215,Columbus,OH,0,25.9,15.4,2,3,calm
04/11/2025,46204,Indianapolis,IN,0,34.9,17.1,2.5,3,calm
04/11/2025,60601,Chicago,IL,0,35.6,15.4,4.1,3,calm
05/11/2025,43215,Columbus,OH,0,59.4,18.3,5.8,3,moderate
05/11/2025,46204,Indianapolis,IN,0,51.1,20.1,7.7,3,moderate
05/11/2025,60601,Chicago,IL,0,45.4,15.2,7.9,3,moderate
06/11/2025,43215,Columbus,OH,0,31,12.6,1.5,3,calm
06/11/2025,46204,Indianapolis,IN,0,31,14.9,1.8,3,calm
06/11/2025,60601,Chicago,IL,0,45.7,13.7,1.4,3,moderate
07/11/2025,43215,Columbus,OH,2.2,47.9,15,4.7,61,moderate
07/11/2025,46204,Indianapolis,IN,2.6,51.8,19.4,8.6,61,moderate
07/11/2025,60601,Chicago,IL,5.4,49,16.6,9.1,63,moderate
08/11/2025,43215,Columbus,OH,0,19.1,14.8,5.4,3,calm
08/11/2025,46204,Indianapolis,IN,1.3,26.6,13.4,5.2,55,calm
08/11/2025,60601,Chicago,IL,10,37.4,9.7,4.3,61,calm
09/11/2025,43215,Columbus,OH,19.4,44.3,8.9,1.1,73,moderate
09/11/2025,46204,Indianapolis,IN,6.6,53.6,7.9,-1.9,73,moderate
09/11/2025,60601,Chicago,IL,11.2,60.1,4.9,-2.2,73,severe
10/11/2025,43215,Columbus,OH,2.4,38.2,0.9,-4.6,73,calm
10/11/2025,46204,Indianapolis,IN,3.6,39.6,-0.9,-4.1,73,calm
10/11/2025,60601,Chicago,IL,4.9,72.4,0.6,-3,73,severe
11/11/2025,43215,Columbus,OH,1.4,38.9,1.8,-4.6,75,calm
11/11/2025,46204,Indianapolis,IN,0,47.5,3.3,-5.6,3,moderate
11/11/2025,60601,Chicago,IL,0,50.4,3.2,-4.2,3,moderate
12/11/2025,43215,Columbus,OH,0,46.4,10.1,1.8,3,moderate
12/11/2025,46204,Indianapolis,IN,0,42.8,12,2,3,moderate
12/11/2025,60601,Chicago,IL,0,37.1,11.1,3.1,3,calm
13/11/2025,43215,Columbus,OH,0,30.2,11.8,2,3,calm
13/11/2025,46204,Indianapolis,IN,0,22.3,12.9,2.3,3,calm
13/11/2025,60601,Chicago,IL,0,31,10.9,1.9,3,calm
14/11/2025,43215,Columbus,OH,0,24.8,14.5,1.2,3,calm
14/11/2025,46204,Indianapolis,IN,0,30.2,19.5,4.7,3,calm
14/11/2025,60601,Chicago,IL,0,30.6,17.2,5.2,3,calm
15/11/2025,43215,Columbus,OH,3.2,61.2,18.5,9.9,61,severe
15/11/2025,46204,Indianapolis,IN,0.8,59.4,21.4,14.4,53,moderate
15/11/2025,60601,Chicago,IL,0,51.1,19.8,11.3,3,moderate
16/11/2025,43215,Columbus,OH,0,50,14.1,2.7,3,moderate
16/11/2025,46204,Indianapolis,IN,0,38.5,13.4,4.4,1,calm
16/11/2025,60601,Chicago,IL,0,45.7,10.7,3,0,moderate
17/11/2025,43215,Columbus,OH,0,29.9,8,-1.6,1,calm
17/11/2025,46204,Indianapolis,IN,0,20.2,10.2,-0.8,3,calm
17/11/2025,60601,Chicago,IL,0,26.3,7.6,0.4,3,calm
18/11/2025,43215,Columbus,OH,11.5,34.2,5.2,-0.3,63,moderate
18/11/2025,46204,Indianapolis,IN,14,35.3,8.6,4.2,63,moderate
18/11/2025,60601,Chicago,IL,12.3,39.2,5.9,4.2,75,moderate
19/11/2025,43215,Columbus,OH,0,20.5,9.5,2.5,3,calm
19/11/2025,46204,Indianapolis,IN,0.4,21.2,7,4.6,51,calm
19/11/2025,60601,Chicago,IL,0.1,28.4,7.2,5.8,51,calm
20/11/2025,43215,Columbus,OH,0.3,20.2,8.1,3.3,51,calm
20/11/2025,46204,Indianapolis,IN,0.2,28.1,9.1,5.9,51,calm
20/11/2025,60601,Chicago,IL,0,30.6,8.9,5.6,3,calm
21/11/2025,43215,Columbus,OH,3.2,16.6,9.2,5.3,53,calm
21/11/2025,46204,Indianapolis,IN,11.4,29.2,9.9,7.4,63,moderate
21/11/2025,60601,Chicago,IL,0.4,22.7,8.2,5.3,51,calm
22/11/2025,43215,Columbus,OH,1.6,27.4,9.2,3,53,calm
22/11/2025,46204,Indianapolis,IN,0.4,29.5,9.7,4.3,51,calm
22/11/2025,60601,Chicago,IL,0,41,8.6,2,3,moderate
23/11/2025,43215,Columbus,OH,0,25.9,12.4,4,3,calm
23/11/2025,46204,Indianapolis,IN,0,24.8,11.6,3.7,0,calm
23/11/2025,60601,Chicago,IL,0,33.1,11.4,4,2,calm
24/11/2025,43215,Columbus,OH,0,18.4,11.2,-1.5,3,calm
24/11/2025,46204,Indianapolis,IN,0,29.5,10.9,0.8,3,calm
24/11/2025,60601,Chicago,IL,0.9,31,9.8,2.5,53,calm
25/11/2025,43215,Columbus,OH,16.8,42.5,13.1,7.8,63,moderate
25/11/2025,46204,Indianapolis,IN,6.8,30.6,13.1,9.8,61,calm
25/11/2025,60601,Chicago,IL,6.3,36.7,11.3,7.9,63,calm
26/11/2025,43215,Columbus,OH,0.8,69.5,12.3,1.9,71,severe
26/11/2025,46204,Indianapolis,IN,0.7,76,11.2,0.1,71,severe
26/11/2025,60601,Chicago,IL,0.1,89.6,7.7,-0.6,51,severe
27/11/2025,43215,Columbus,OH,0.1,47.2,0.8,-1.5,71,moderate
27/11/2025,46204,Indianapolis,IN,0,48.2,0.3,-2.6,3,moderate
27/11/2025,60601,Chicago,IL,0.2,65.5,0.4,-2.2,71,severe
28/11/2025,43215,Columbus,OH,0.1,44.6,1.1,-3.2,71,moderate
28/11/2025,46204,Indianapolis,IN,0,32.4,0.2,-5.1,3,calm
28/11/2025,60601,Chicago,IL,0,52.6,-0.2,-4.6,3,moderate
29/11/2025,43215,Columbus,OH,1.1,29.5,1.6,-4.9,73,calm
29/11/2025,46204,Indianapolis,IN,5.2,56.9,1.8,-4.8,75,moderate
29/11/2025,60601,Chicago,IL,16.3,50.8,-0.5,-2.9,75,moderate
30/11/2025,43215,Columbus,OH,1.6,53.3,4.7,-2.3,53,moderate
30/11/2025,46204,Indianapolis,IN,1.9,54.7,3,-4.4,53,moderate
30/11/2025,60601,Chicago,IL,2.8,50.8,0.8,-5.7,73,moderate
01/12/2025,43215,Columbus,OH,0.9,27.7,0.1,-4.1,73,calm
01/12/2025,46204,Indianapolis,IN,3.5,27.4,-0.1,-6.9,73,calm
01/12/2025,60601,Chicago,IL,3.3,24.5,-2.5,-8.4,73,calm
02/12/2025,43215,Columbus,OH,7.7,26.6,-0.9,-4.1,75,calm
02/12/2025,46204,Indianapolis,IN,2.2,24.8,-1.9,-6.2,73,calm
02/12/2025,60601,Chicago,IL,0.7,33.8,-3.8,-9.1,73,calm
03/12/2025,43215,Columbus,OH,0,33.8,-2.2,-4.8,3,calm
03/12/2025,46204,Indianapolis,IN,0,33.5,-2.2,-7.3,3,calm
03/12/2025,60601,Chicago,IL,1.2,42.5,-1.2,-6,71,moderate
04/12/2025,43215,Columbus,OH,0,31.3,-1.6,-11.1,3,calm
04/12/2025,46204,Indianapolis,IN,0,33.5,-1.5,-10.1,3,calm
04/12/2025,60601,Chicago,IL,0,38.5,-6.2,-12.8,3,calm
05/12/2025,43215,Columbus,OH,0,15.8,-2.6,-11.6,3,calm
05/12/2025,46204,Indianapolis,IN,0,25.9,-1.1,-11.4,3,calm
05/12/2025,60601,Chicago,IL,0,43.2,-3.8,-13.3,3,moderate
06/12/2025,43215,Columbus,OH,0,29.5,0.7,-6.8,3,calm
06/12/2025,46204,Indianapolis,IN,0,27.7,1.4,-3.8,3,calm
06/12/2025,60601,Chicago,IL,0,33.5,-0.6,-4,3,calm
07/12/2025,43215,Columbus,OH,0,34.9,2.2,-1,3,calm
07/12/2025,46204,Indianapolis,IN,0.2,37.4,2,-3.5,51,calm
07/12/2025,60601,Chicago,IL,9.3,50,0.9,-5.1,75,moderate
08/12/2025,43215,Columbus,OH,0,36,-0.9,-6.9,3,calm
08/12/2025,46204,Indianapolis,IN,0,33.8,-1,-6.9,3,calm
08/12/2025,60601,Chicago,IL,0,32.8,-2.7,-8.2,3,calm
09/12/2025,43215,Columbus,OH,0.1,55.4,3.9,-8.6,51,moderate
09/12/2025,46204,Indianapolis,IN,0.6,47.5,5.2,-5.3,51,moderate
09/12/2025,60601,Chicago,IL,3.3,45.4,2.7,-8.3,73,moderate
10/12/2025,43215,Columbus,OH,6.8,55.1,5.3,-0.8,73,moderate
10/12/2025,46204,Indianapolis,IN,7,65.2,5.3,-1.5,73,severe
10/12/2025,60601,Chicago,IL,3.2,55.8,3.8,-3.2,73,moderate
11/12/2025,43215,Columbus,OH,0.1,40.3,-0.1,-3.1,71,moderate
11/12/2025,46204,Indianapolis,IN,1.2,34.2,-0.8,-2.7,73,calm
11/12/2025,60601,Chicago,IL,0,27.7,-3,-5.9,3,calm
12/12/2025,43215,Columbus,OH,0,21.2,1,-2.9,3,calm
12/12/2025,46204,Indianapolis,IN,1.9,16.6,0.2,-3.3,73,calm
12/12/2025,60601,Chicago,IL,0,34.6,-1.3,-5.2,3,calm
13/12/2025,43215,Columbus,OH,8.6,33.8,1,-7.1,75,calm
13/12/2025,46204,Indianapolis,IN,9,28.8,-1.5,-12.5,75,calm
13/12/2025,60601,Chicago,IL,1.1,46.1,-3.4,-15.4,71,extreme_cold
14/12/2025,43215,Columbus,OH,0,39.2,-7.6,-15.8,3,extreme_cold
14/12/2025,46204,Indianapolis,IN,0,31.3,-13.9,-19.1,3,extreme_cold
14/12/2025,60601,Chicago,IL,0,44.6,-13.3,-18.8,3,extreme_cold
15/12/2025,43215,Columbus,OH,0,25.6,-7.2,-18.7,3,extreme_cold
15/12/2025,46204,Indianapolis,IN,0,28.1,-5.2,-20,3,extreme_cold
15/12/2025,60601,Chicago,IL,0,43.6,-6.4,-17.3,3,extreme_cold
16/12/2025,43215,Columbus,OH,0,31,1,-12.6,3,calm
16/12/2025,46204,Indianapolis,IN,0,35.6,2.8,-7.7,3,calm
16/12/2025,60601,Chicago,IL,0,47.2,2.5,-10.4,3,moderate
17/12/2025,43215,Columbus,OH,0,33.8,5.3,-0.8,3,calm
17/12/2025,46204,Indianapolis,IN,0.2,39.2,5,1.9,51,calm
17/12/2025,60601,Chicago,IL,0.6,43.6,3.3,0.1,53,moderate
18/12/2025,43215,Columbus,OH,11.5,68.4,11.9,-0.4,63,severe
18/12/2025,46204,Indianapolis,IN,14.8,61.9,12.2,3.3,65,severe
18/12/2025,60601,Chicago,IL,6.9,71.6,10.1,-4.4,63,severe
19/12/2025,43215,Columbus,OH,15.8,64.1,7.4,-6.7,71,severe
19/12/2025,46204,Indianapolis,IN,1.3,63.4,3.5,-6.2,71,severe
19/12/2025,60601,Chicago,IL,0.1,64.4,-5.7,-11.2,71,severe
20/12/2025,43215,Columbus,OH,0,35.6,8.1,-6.7,3,calm
20/12/2025,46204,Indianapolis,IN,0,43.2,8.4,-4.4,3,moderate
20/12/2025,60601,Chicago,IL,0,52.9,4.6,-5.3,3,moderate
21/12/2025,43215,Columbus,OH,0,31,3.4,-2.7,3,calm
21/12/2025,46204,Indianapolis,IN,0,33.1,2.2,-3.2,3,calm
21/12/2025,60601,Chicago,IL,0,51.5,-0.3,-7.2,3,moderate
22/12/2025,43215,Columbus,OH,0.1,27.7,3.6,-5.6,51,calm
22/12/2025,46204,Indianapolis,IN,0.3,30.2,7.5,-2.8,51,calm
22/12/2025,60601,Chicago,IL,0.1,35.3,5.8,-1.1,51,calm
23/12/2025,43215,Columbus,OH,1.2,32.8,12.9,3.7,53,calm
23/12/2025,46204,Indianapolis,IN,0.4,36.7,14.4,5.2,51,calm
23/12/2025,60601,Chicago,IL,0,25.6,9.9,2.8,3,calm
24/12/2025,43215,Columbus,OH,0,19.8,6.9,-0.6,3,calm
24/12/2025,46204,Indianapolis,IN,0.5,27,10.7,0.9,51,calm
24/12/2025,60601,Chicago,IL,0.3,22.7,6.1,1.7,51,calm
25/12/2025,43215,Columbus,OH,5,27.7,9.4,1.3,63,calm
25/12/2025,46204,Indianapolis,IN,1.2,31.7,12.5,6.9,51,calm
25/12/2025,60601,Chicago,IL,0.2,40.3,5.4,3.1,51,moderate
26/12/2025,43215,Columbus,OH,3.6,42.5,14.8,0.9,55,moderate
26/12/2025,46204,Indianapolis,IN,1.7,44.3,17.2,6.9,51,moderate
26/12/2025,60601,Chicago,IL,2.1,41,8.8,3.5,53,moderate
27/12/2025,43215,Columbus,OH,0.2,28.1,7.6,3.8,51,calm
27/12/2025,46204,Indianapolis,IN,0.2,31.7,11.7,6.8,51,calm
27/12/2025,60601,Chicago,IL,0.1,32.8,5.8,3.1,51,calm
28/12/2025,43215,Columbus,OH,4.9,63.4,18.6,3.8,61,severe
28/12/2025,46204,Indianapolis,IN,20,71.6,18.9,4.8,65,severe
28/12/2025,60601,Chicago,IL,41.2,71.3,11.4,-1.1,71,severe
29/12/2025,43215,Columbus,OH,9.9,70.6,15.8,-6.8,71,severe
29/12/2025,46204,Indianapolis,IN,0.1,68.8,2.3,-9.2,71,severe
29/12/2025,60601,Chicago,IL,2.2,86.4,-3.1,-8.2,73,severe
30/12/2025,43215,Columbus,OH,0.3,44.6,-4.9,-6.6,71,moderate
30/12/2025,46204,Indianapolis,IN,0.4,39.6,-2.8,-9.9,71,calm
30/12/2025,60601,Chicago,IL,2.4,43.6,-4.2,-11.4,73,moderate
31/12/2025,43215,Columbus,OH,1.8,45.7,0.9,-5.2,73,moderate
31/12/2025,46204,Indianapolis,IN,0.9,43.2,1.3,-2.6,71,moderate
31/12/2025,60601,Chicago,IL,2.4,46.8,1.2,-5.8,73,moderate
01/01/2026,43215,Columbus,OH,1.2,51.5,1,-12,73,moderate
01/01/2026,46204,Indianapolis,IN,0.5,38.9,1.4,-5.5,71,calm
01/01/2026,60601,Chicago,IL,0.4,41.4,-7,-11.8,71,moderate
02/01/2026,43215,Columbus,OH,0,22.3,-2.8,-7.2,3,calm
02/01/2026,46204,Indianapolis,IN,0,22,-1.9,-6.2,3,calm
02/01/2026,60601,Chicago,IL,0,31,-5.8,-8.6,3,calm
03/01/2026,43215,Columbus,OH,0,15.1,-2.6,-7.7,3,calm
03/01/2026,46204,Indianapolis,IN,0,22.3,-0.1,-4.7,3,calm
03/01/2026,60601,Chicago,IL,0,19.8,-4,-8.6,3,calm
04/01/2026,43215,Columbus,OH,0,15.8,0.2,-3.7,3,calm
04/01/2026,46204,Indianapolis,IN,0,23,1.6,-2.5,3,calm
04/01/2026,60601,Chicago,IL,0,34.9,-0.6,-5.7,3,calm
05/01/2026,43215,Columbus,OH,0,26.6,8.6,-3.5,3,calm
05/01/2026,46204,Indianapolis,IN,0,30.2,8.9,-0.4,3,calm
05/01/2026,60601,Chicago,IL,0,38.2,5.8,-0.3,3,calm
06/01/2026,43215,Columbus,OH,1.9,37.8,10.4,0.2,55,calm
06/01/2026,46204,Indianapolis,IN,0.1,48.6,10.8,5,51,moderate
06/01/2026,60601,Chicago,IL,1.3,31.7,6.8,2.3,53,calm
07/01/2026,43215,Columbus,OH,0.1,30.6,8.4,1.2,51,calm
07/01/2026,46204,Indianapolis,IN,0,24.1,9.6,4.3,3,calm
07/01/2026,60601,Chicago,IL,0,33.1,5.1,1.6,3,calm
08/01/2026,43215,Columbus,OH,0.1,41.8,12.6,-0.7,51,moderate
08/01/2026,46204,Indianapolis,IN,0.3,63,16.8,3.7,51,severe
08/01/2026,60601,Chicago,IL,17,89.3,15.4,4.3,65,severe
09/01/2026,43215,Columbus,OH,4,64.1,17.5,4.2,63,severe
09/01/2026,46204,Indianapolis,IN,9.7,73.8,16.5,4.4,63,severe
09/01/2026,60601,Chicago,IL,0.1,72,15.6,3.8,51,severe
10/01/2026,43215,Columbus,OH,3.1,42.5,10.1,1.5,53,moderate
10/01/2026,46204,Indianapolis,IN,0.3,49.7,5.6,0.5,51,moderate
10/01/2026,60601,Chicago,IL,6.4,47.5,3.3,-1.9,73,moderate
11/01/2026,43215,Columbus,OH,0.8,56.5,1.2,-2.7,73,moderate
11/01/2026,46204,Indianapolis,IN,0.6,56.9,1.2,-5.2,71,moderate
11/01/2026,60601,Chicago,IL,0.2,56.9,0.9,-5.1,71,moderate
12/01/2026,43215,Columbus,OH,0,37.8,2.8,-3.8,3,calm
12/01/2026,46204,Indianapolis,IN,0,32.8,4.6,-5.2,3,calm
12/01/2026,60601,Chicago,IL,0,42.1,4,-3.3,3,moderate
13/01/2026,43215,Columbus,OH,0,46.8,8.9,-0.8,3,moderate
13/01/2026,46204,Indianapolis,IN,0,45,9.1,0.5,3,moderate
13/01/2026,60601,Chicago,IL,0.8,52.6,9.6,1.1,53,moderate
14/01/2026,43215,Columbus,OH,3.3,57.2,8.8,-4.7,71,moderate
14/01/2026,46204,Indianapolis,IN,0.8,61.6,7.4,-6.9,71,severe
14/01/2026,60601,Chicago,IL,4.4,85.3,5,-7.3,75,severe
15/01/2026,43215,Columbus,OH,0.7,47.5,-5.1,-9.4,71,moderate
15/01/2026,46204,Indianapolis,IN,0,40.7,-4.1,-8.4,3,moderate
15/01/2026,60601,Chicago,IL,0.4,56.2,-5.6,-10.1,73,moderate
16/01/2026,43215,Columbus,OH,0.4,34.6,1.3,-8.9,71,calm
16/01/2026,46204,Indianapolis,IN,1.2,48.6,2.8,-6.6,73,moderate
16/01/2026,60601,Chicago,IL,2,50.8,1.9,-5.4,73,moderate
17/01/2026,43215,Columbus,OH,1.3,43.6,0.9,-5.9,73,moderate
17/01/2026,46204,Indianapolis,IN,2.9,41.8,0.5,-9.1,75,moderate
17/01/2026,60601,Chicago,IL,0.1,52.9,-4.3,-11.1,71,moderate
18/01/2026,43215,Columbus,OH,0.3,29.9,-5.8,-9.4,71,calm
18/01/2026,46204,Indianapolis,IN,0.8,38.2,-5.7,-11.4,73,calm
18/01/2026,60601,Chicago,IL,1,41,-7.6,-13.2,71,moderate
19/01/2026,43215,Columbus,OH,1.1,55.8,-4.6,-13.2,73,moderate
19/01/2026,46204,Indianapolis,IN,0,58,-4.3,-12.3,3,moderate
19/01/2026,60601,Chicago,IL,1.4,61.2,-7.3,-17.6,73,severe
20/01/2026,43215,Columbus,OH,0,36.7,-6.6,-14.2,3,calm
20/01/2026,46204,Indianapolis,IN,0,30.2,-3.7,-14.1,3,calm
20/01/2026,60601,Chicago,IL,0,33.5,-6.4,-16.8,3,extreme_cold
21/01/2026,43215,Columbus,OH,0.3,55.8,3.7,-9.1,71,moderate
21/01/2026,46204,Indianapolis,IN,0,64.4,7.3,-4.8,3,severe
21/01/2026,60601,Chicago,IL,2,50,-1.1,-6.2,73,moderate
22/01/2026,43215,Columbus,OH,0.1,47.5,2.3,-3.3,51,moderate
22/01/2026,46204,Indianapolis,IN,0,52.9,2.6,-6.6,3,moderate
22/01/2026,60601,Chicago,IL,0.1,66.6,-2.1,-10.6,71,severe
23/01/2026,43215,Columbus,OH,0,43.2,-2.8,-14.6,3,moderate
23/01/2026,46204,Indianapolis,IN,0,38.2,-3.8,-16.5,3,extreme_cold
23/01/2026,60601,Chicago,IL,0,54,-12.9,-23,3,extreme_cold
24/01/2026,43215,Columbus,OH,1,31,-10.1,-15.8,71,extreme_cold
24/01/2026,46204,Indianapolis,IN,3.3,34.2,-11.1,-16.8,73,extreme_cold
24/01/2026,60601,Chicago,IL,2.3,28.8,-12,-22.6,73,extreme_cold
25/01/2026,43215,Columbus,OH,26.5,36.7,-7.7,-11.4,75,severe
25/01/2026,46204,Indianapolis,IN,25.3,37.1,-10.5,-13.8,75,severe
25/01/2026,60601,Chicago,IL,5.5,47.5,-7.1,-14.6,73,moderate
26/01/2026,43215,Columbus,OH,0.1,37.4,-10.2,-18.4,71,extreme_cold
26/01/2026,46204,Indianapolis,IN,0,32.4,-10.8,-18.8,3,extreme_cold
26/01/2026,60601,Chicago,IL,0,49.3,-14.1,-18.2,3,extreme_cold
27/01/2026,43215,Columbus,OH,0,45.4,-8,-18.9,3,extreme_cold
27/01/2026,46204,Indianapolis,IN,0,45.4,-7.4,-17.8,1,extreme_cold
27/01/2026,60601,Chicago,IL,0,51.1,-9.6,-15.1,3,extreme_cold
28/01/2026,43215,Columbus,OH,0,27.7,-12.6,-23.8,3,extreme_cold
28/01/2026,46204,Indianapolis,IN,0,31.3,-10.2,-22.7,3,extreme_cold
28/01/2026,60601,Chicago,IL,0,42.5,-9.8,-17.4,1,extreme_cold
29/01/2026,43215,Columbus,OH,0,18,-12.1,-19.8,3,extreme_cold
29/01/2026,46204,Indianapolis,IN,0,18,-11.2,-21.4,3,extreme_cold
29/01/2026,60601,Chicago,IL,0,25.9,-10.4,-17,3,extreme_cold
30/01/2026,43215,Columbus,OH,0,14.8,-9.4,-20.2,3,extreme_cold
30/01/2026,46204,Indianapolis,IN,0,22,-9.3,-20.8,3,extreme_cold
30/01/2026,60601,Chicago,IL,2.5,40.3,-6.4,-14.4,73,moderate
31/01/2026,43215,Columbus,OH,0,29.5,-10.1,-27.1,3,extreme_cold
31/01/2026,46204,Indianapolis,IN,0.4,38.2,-8.5,-17.4,71,extreme_cold
31/01/2026,60601,Chicago,IL,3,45.4,-3.7,-11.9,73,moderate
01/02/2026,43215,Columbus,OH,0,24.1,-8.4,-16.9,3,extreme_cold
01/02/2026,46204,Indianapolis,IN,0,20.2,-7,-23.1,3,extreme_cold
01/02/2026,60601,Chicago,IL,0,32,-3.9,-11.6,3,calm
02/02/2026,43215,Columbus,OH,0.1,21.6,-4,-21.8,71,extreme_cold
02/02/2026,46204,Indianapolis,IN,0.2,32.4,-1.4,-10.6,71,calm
02/02/2026,60601,Chicago,IL,0.3,31.7,-2.5,-5.8,71,calm
03/02/2026,43215,Columbus,OH,0,16.6,-1,-6.7,3,calm
03/02/2026,46204,Indianapolis,IN,0.8,24.1,-0.9,-6.9,71,calm
03/02/2026,60601,Chicago,IL,0,31.7,-2.3,-8.2,3,calm
04/02/2026,43215,Columbus,OH,0,25.6,-5.2,-11.6,3,calm
04/02/2026,46204,Indianapolis,IN,0,27,-4.7,-14.3,3,calm
04/02/2026,60601,Chicago,IL,0,40.3,-3.2,-8.8,3,moderate
05/02/2026,43215,Columbus,OH,0,17.3,-7.9,-19.1,3,extreme_cold
05/02/2026,46204,Indianapolis,IN,0.2,27,-5.9,-15.2,71,extreme_cold
05/02/2026,60601,Chicago,IL,0.6,34.9,-2.2,-11.1,71,calm
06/02/2026,43215,Columbus,OH,3.5,53.6,-0.3,-8.2,73,moderate
06/02/2026,46204,Indianapolis,IN,2,48.2,1.1,-6.4,73,moderate
06/02/2026,60601,Chicago,IL,3.4,49.7,2,-4.4,75,moderate
07/02/2026,43215,Columbus,OH,0,51.1,-8.2,-16.9,3,extreme_cold
07/02/2026,46204,Indianapolis,IN,0,37.4,-3.4,-12.8,3,calm
07/02/2026,60601,Chicago,IL,0.1,45,-5.2,-10.9,71,moderate
08/02/2026,43215,Columbus,OH,0.3,16.2,-6,-18,71,extreme_cold
08/02/2026,46204,Indianapolis,IN,0,27.7,-3.9,-9.2,3,calm
08/02/2026,60601,Chicago,IL,0.8,33.5,-2.9,-5.3,73,calm
09/02/2026,43215,Columbus,OH,0,18,-2,-13.8,3,calm
09/02/2026,46204,Indianapolis,IN,0,27.4,0.9,-7.3,3,calm
09/02/2026,60601,Chicago,IL,0,36.7,2,-7.1,3,calm
10/02/2026,43215,Columbus,OH,0,33.1,6.1,-6.6,3,calm
10/02/2026,46204,Indianapolis,IN,0,30.2,13.4,-0.6,3,calm
10/02/2026,60601,Chicago,IL,0,43.6,7.8,0.9,3,moderate
11/02/2026,43215,Columbus,OH,0,42.5,1.9,-2.2,3,moderate
11/02/2026,46204,Indianapolis,IN,0,33.5,4.4,-3,2,calm
11/02/2026,60601,Chicago,IL,0,31,4.8,-2.8,3,calm
12/02/2026,43215,Columbus,OH,0,32.8,1.6,-6.2,3,calm
12/02/2026,46204,Indianapolis,IN,0,18,5,-5.4,3,calm
12/02/2026,60601,Chicago,IL,0,16.9,2.2,-2.8,3,calm
13/02/2026,43215,Columbus,OH,0,21.2,4,-9,0,calm
13/02/2026,46204,Indianapolis,IN,0,22.7,9.8,-4,3,calm
13/02/2026,60601,Chicago,IL,0,34.6,10.8,-2.8,1,calm
14/02/2026,43215,Columbus,OH,0,20.9,9.5,-2.8,3,calm
14/02/2026,46204,Indianapolis,IN,4.6,19.1,8.8,0.3,61,calm
14/02/2026,60601,Chicago,IL,0,26.3,9.1,-0.9,3,calm
15/02/2026,43215,Columbus,OH,11.4,19.4,9.6,1.9,61,moderate
15/02/2026,46204,Indianapolis,IN,10.6,24.5,9.9,3.7,63,moderate
15/02/2026,60601,Chicago,IL,0,23,13.4,0.6,3,calm
16/02/2026,43215,Columbus,OH,0,33.8,8.6,-0.9,3,calm
16/02/2026,46204,Indianapolis,IN,0,34.2,13.9,-0.2,3,calm
16/02/2026,60601,Chicago,IL,0,42.5,16.5,2.2,3,moderate
17/02/2026,43215,Columbus,OH,0,20.9,12.1,-1.5,3,calm
17/02/2026,46204,Indianapolis,IN,0,36,13,3.3,3,calm
17/02/2026,60601,Chicago,IL,4.2,39.6,10.9,4.9,61,calm
18/02/2026,43215,Columbus,OH,1.1,50,18.5,7.1,53,moderate
18/02/2026,46204,Indianapolis,IN,1.9,56.5,19.4,10.1,53,moderate
18/02/2026,60601,Chicago,IL,1.9,48.6,15.8,8.1,53,moderate
19/02/2026,43215,Columbus,OH,4.1,31.3,16.4,8.5,63,calm
19/02/2026,46204,Indianapolis,IN,9.3,36.4,16.4,9.6,63,calm
19/02/2026,60601,Chicago,IL,0.2,29.5,13.8,2.8,51,calm
20/02/2026,43215,Columbus,OH,17.1,74.2,12.2,1.6,65,severe
20/02/2026,46204,Indianapolis,IN,5.4,71.6,12.6,0,63,severe
20/02/2026,60601,Chicago,IL,3.9,76.7,7.2,-2.5,71,severe
21/02/2026,43215,Columbus,OH,0.2,28.8,4.9,-1.5,71,calm
21/02/2026,46204,Indianapolis,IN,0.2,29.9,1.1,-3.9,71,calm
21/02/2026,60601,Chicago,IL,0.5,37.1,-0.9,-3.3,71,calm
22/02/2026,43215,Columbus,OH,2.3,48.2,-0.1,-3,73,moderate
22/02/2026,46204,Indianapolis,IN,1.2,48.2,-1.9,-5,71,moderate
22/02/2026,60601,Chicago,IL,0.6,49,-2.5,-6.2,71,moderate
23/02/2026,43215,Columbus,OH,1,51.5,-1.8,-4.2,71,moderate
23/02/2026,46204,Indianapolis,IN,0,55.4,-1.7,-7.2,3,moderate
23/02/2026,60601,Chicago,IL,0,51.5,-2.5,-6.7,3,moderate
24/02/2026,43215,Columbus,OH,0,44.3,2.2,-6.8,3,moderate
24/02/2026,46204,Indianapolis,IN,0,51.5,4.8,-8.1,3,moderate
24/02/2026,60601,Chicago,IL,0.1,51.8,2.8,-7.4,71,moderate
25/02/2026,43215,Columbus,OH,1.1,49.3,10.1,-0.2,51,moderate
25/02/2026,46204,Indianapolis,IN,0.1,50.8,9.8,2,51,moderate
25/02/2026,60601,Chicago,IL,0,42.1,2.2,-2,3,moderate
26/02/2026,43215,Columbus,OH,0,20.5,6.6,-2.2,3,calm
26/02/2026,46204,Indianapolis,IN,0.1,22.3,8.2,-1.2,71,calm
26/02/2026,60601,Chicago,IL,0,24.1,4.6,-4.8,3,calm
27/02/2026,43215,Columbus,OH,0,37.8,13.6,-0.9,3,calm
27/02/2026,46204,Indianapolis,IN,0,39.6,15.7,1.8,3,calm
27/02/2026,60601,Chicago,IL,0,37.4,15.4,-1,3,calm
28/02/2026,43215,Columbus,OH,0,32.4,14.3,3.5,3,calm
28/02/2026,46204,Indianapolis,IN,0,41.4,14.1,2.5,3,moderate
28/02/2026,60601,Chicago,IL,0,55.4,7.3,-2.2,3,moderate
01/03/2026,43215,Columbus,OH,0,40,3.2,-3.8,3,calm
01/03/2026,46204,Indianapolis,IN,0,40,3.5,-2.2,3,calm
01/03/2026,60601,Chicago,IL,0,43.9,-1.4,-3.3,3,moderate
02/03/2026,43215,Columbus,OH,2.9,25.2,1,-4.4,73,calm
02/03/2026,46204,Indianapolis,IN,4.9,36.7,2.3,-3.2,75,calm
02/03/2026,60601,Chicago,IL,0,29.9,3,-3.6,3,calm
03/03/2026,43215,Columbus,OH,15.8,26.6,9.5,0.9,61,moderate
03/03/2026,46204,Indianapolis,IN,30.7,29.5,8.1,2,63,severe
03/03/2026,60601,Chicago,IL,0.3,22,3,-0.1,51,calm
04/03/2026,43215,Columbus,OH,8,16.9,13.6,6.3,63,calm
04/03/2026,46204,Indianapolis,IN,12.6,27.4,14.7,6.1,63,moderate
04/03/2026,60601,Chicago,IL,2.8,23.8,4.2,-0.2,55,calm
05/03/2026,43215,Columbus,OH,20.2,41.8,17.7,10.4,63,moderate
05/03/2026,46204,Indianapolis,IN,14.4,40,17.2,12.2,63,moderate
05/03/2026,60601,Chicago,IL,1,18.4,7.9,3.4,53,calm
06/03/2026,43215,Columbus,OH,1.2,37.4,23.3,11.4,53,calm
06/03/2026,46204,Indianapolis,IN,1.5,49.3,24.2,12.7,53,moderate
06/03/2026,60601,Chicago,IL,7.4,37.1,19.9,4.9,63,calm
07/03/2026,43215,Columbus,OH,1.6,63.7,21.7,15,51,severe
07/03/2026,46204,Indianapolis,IN,18.5,61.9,18.8,7.7,63,severe
07/03/2026,60601,Chicago,IL,6.5,61.9,17.1,4.4,61,severe
08/03/2026,43215,Columbus,OH,0.6,44.6,14.8,6.9,51,moderate
08/03/2026,46204,Indianapolis,IN,0,38.2,14.1,4.1,3,calm
08/03/2026,60601,Chicago,IL,0,54,15.4,1.1,3,moderate
09/03/2026,43215,Columbus,OH,0,42.5,19.6,4.9,0,moderate
09/03/2026,46204,Indianapolis,IN,0,55.1,20.3,6.2,3,moderate
09/03/2026,60601,Chicago,IL,0,46.4,21,8.7,0,moderate
10/03/2026,43215,Columbus,OH,0.6,39.2,22.5,14.6,51,calm
10/03/2026,46204,Indianapolis,IN,0.7,47.9,23.2,16.9,51,moderate
10/03/2026,60601,Chicago,IL,0.3,36,14.9,3.5,51,calm
11/03/2026,43215,Columbus,OH,13.4,73.8,21.6,3.2,63,severe
11/03/2026,46204,Indianapolis,IN,44.9,70.6,19.7,2.7,65,severe
11/03/2026,60601,Chicago,IL,7.6,57.6,5.2,1.7,73,moderate
12/03/2026,43215,Columbus,OH,0.7,58.3,7.1,0.4,73,moderate
12/03/2026,46204,Indianapolis,IN,0,50.4,8.6,-0.3,3,moderate
12/03/2026,60601,Chicago,IL,0.1,44.6,6.9,-0.6,51,moderate
13/03/2026,43215,Columbus,OH,0.4,101.5,14.2,1.3,73,severe
13/03/2026,46204,Indianapolis,IN,0.4,86.8,13.4,4.9,73,severe
13/03/2026,60601,Chicago,IL,1.6,112,7.8,1.5,71,severe
14/03/2026,43215,Columbus,OH,0,40,7.6,-0.1,3,calm
14/03/2026,46204,Indianapolis,IN,0,39.2,9.1,1.1,3,calm
14/03/2026,60601,Chicago,IL,0.6,40,2.2,-0.4,71,calm
15/03/2026,43215,Columbus,OH,0,65.2,22.8,4.2,3,severe
15/03/2026,46204,Indianapolis,IN,9.9,88.9,21.5,5.6,63,severe
15/03/2026,60601,Chicago,IL,41.6,73.4,16.5,1.2,63,severe
16/03/2026,43215,Columbus,OH,12.7,68,17.6,-3.4,73,severe
16/03/2026,46204,Indianapolis,IN,1.9,64.4,10.5,-5.6,73,severe
16/03/2026,60601,Chicago,IL,5.3,67.7,0.9,-6.3,73,severe
17/03/2026,43215,Columbus,OH,0.7,50.8,-2.9,-6,71,moderate
17/03/2026,46204,Indianapolis,IN,0.6,49.3,-4.2,-7.7,71,moderate
17/03/2026,60601,Chicago,IL,0,47.9,-4.8,-10.1,3,moderate
18/03/2026,43215,Columbus,OH,0.1,34.6,2.7,-8.1,71,calm
18/03/2026,46204,Indianapolis,IN,0.5,34.6,8.4,-5.6,71,calm
18/03/2026,60601,Chicago,IL,0.8,37.4,6.3,-5.2,71,calm
19/03/2026,43215,Columbus,OH,0.8,27.7,16.2,0.2,53,calm
19/03/2026,46204,Indianapolis,IN,0,20.9,19.5,3.2,3,calm
19/03/2026,60601,Chicago,IL,2.3,26.6,10.8,0.4,61,calm
20/03/2026,43215,Columbus,OH,0.3,37.8,19.2,5.9,51,calm
20/03/2026,46204,Indianapolis,IN,0,39.6,23.9,9.8,3,calm
20/03/2026,60601,Chicago,IL,0,38.5,19.1,5.2,3,calm
21/03/2026,43215,Columbus,OH,0,34.6,16.8,4.8,3,calm
21/03/2026,46204,Indianapolis,IN,0,28.4,22.5,7.1,3,calm
21/03/2026,60601,Chicago,IL,0,42.8,20,3.7,3,moderate
22/03/2026,43215,Columbus,OH,6.9,58.3,29.2,6.8,63,moderate
22/03/2026,46204,Indianapolis,IN,15.3,49.7,29.5,9.1,63,moderate
22/03/2026,60601,Chicago,IL,1.8,75.6,18.5,0.3,53,severe
23/03/2026,43215,Columbus,OH,5.7,50.8,6.8,1.5,63,moderate
23/03/2026,46204,Indianapolis,IN,0,50.8,6.7,0.2,3,moderate
23/03/2026,60601,Chicago,IL,0.1,70.2,2.5,-0.7,51,severe
24/03/2026,43215,Columbus,OH,0,28.4,8.4,-2.8,3,calm
24/03/2026,46204,Indianapolis,IN,0,29.2,11.4,-2,3,calm
24/03/2026,60601,Chicago,IL,0,28.4,8.8,-1.5,3,calm
25/03/2026,43215,Columbus,OH,0,28.8,18,2.3,3,calm
25/03/2026,46204,Indianapolis,IN,0,40.7,20.5,4.3,3,moderate
25/03/2026,60601,Chicago,IL,0,43.6,20,3.8,3,moderate
26/03/2026,43215,Columbus,OH,16.5,73.1,25.5,12.4,63,severe
26/03/2026,46204,Indianapolis,IN,5.7,56.9,27.9,12.9,61,moderate
26/03/2026,60601,Chicago,IL,5.5,68,19.8,1.3,63,severe
27/03/2026,43215,Columbus,OH,20.9,52.9,11.7,2,63,moderate
27/03/2026,46204,Indianapolis,IN,16.4,50.4,11.6,2.5,63,moderate
27/03/2026,60601,Chicago,IL,0.1,69.8,3.3,-0.4,71,severe
28/03/2026,43215,Columbus,OH,0,37.8,6.6,-1.4,3,calm
28/03/2026,46204,Indianapolis,IN,0,20.9,8.2,-0.7,3,calm
28/03/2026,60601,Chicago,IL,0,36.7,8,-1.9,3,calm
29/03/2026,43215,Columbus,OH,0.6,37.8,17.1,-0.3,53,calm
29/03/2026,46204,Indianapolis,IN,0.9,35.6,18,2.1,53,calm
29/03/2026,60601,Chicago,IL,0,36.4,16.3,4.2,3,calm
30/03/2026,43215,Columbus,OH,0.9,53.6,22.1,11.6,53,moderate
30/03/2026,46204,Indianapolis,IN,0.3,60.5,23.6,13.4,51,severe
30/03/2026,60601,Chicago,IL,3.2,54.4,27.1,9.9,63,moderate
31/03/2026,43215,Columbus,OH,0.1,67,25.2,16.5,51,severe
31/03/2026,46204,Indianapolis,IN,4,64.8,24.9,17.4,61,severe
31/03/2026,60601,Chicago,IL,5.9,60.1,20.7,4,61,severe
